"Subject","type","bin","mean"
1,"alt_ns",1,765.4
1,"alt_ns",2,1074.5
1,"alt_ns",3,1324.77777777778
1,"alt_ns",4,1475.66666666667
1,"alt_ns",5,1969
1,"alt_ns",6,3188.88888888889
1,"alt_switch",1,859
1,"alt_switch",2,1152.55555555556
1,"alt_switch",3,1359.88888888889
1,"alt_switch",4,1618
1,"alt_switch",5,1824.22222222222
1,"alt_switch",6,2924.11111111111
1,"pure",1,468.645161290323
1,"pure",2,554.451612903226
1,"pure",3,615.806451612903
1,"pure",4,699.774193548387
1,"pure",5,858.387096774194
1,"pure",6,1865.1935483871
1,"rand_ns",1,666.222222222222
1,"rand_ns",2,859.333333333333
1,"rand_ns",3,966
1,"rand_ns",4,1143.22222222222
1,"rand_ns",5,1533.5
1,"rand_ns",6,3204.5
1,"rand_switch",1,760.111111111111
1,"rand_switch",2,986.666666666667
1,"rand_switch",3,1147.77777777778
1,"rand_switch",4,1311.88888888889
1,"rand_switch",5,1830.77777777778
1,"rand_switch",6,2808.375
2,"alt_ns",1,698.1
2,"alt_ns",2,743.3
2,"alt_ns",3,818.5
2,"alt_ns",4,880.333333333333
2,"alt_ns",5,990.222222222222
2,"alt_ns",6,1211.44444444444
2,"alt_switch",1,718.5
2,"alt_switch",2,802.6
2,"alt_switch",3,865.6
2,"alt_switch",4,931.666666666667
2,"alt_switch",5,1053
2,"alt_switch",6,1246.77777777778
2,"pure",1,455.709677419355
2,"pure",2,526.161290322581
2,"pure",3,573.225806451613
2,"pure",4,612.677419354839
2,"pure",5,690.290322580645
2,"pure",6,941.387096774194
2,"rand_ns",1,677.2
2,"rand_ns",2,775.5
2,"rand_ns",3,858.1
2,"rand_ns",4,936.222222222222
2,"rand_ns",5,1040.77777777778
2,"rand_ns",6,1449.55555555556
2,"rand_switch",1,752.8
2,"rand_switch",2,882.1
2,"rand_switch",3,978.4
2,"rand_switch",4,1102.44444444444
2,"rand_switch",5,1256.22222222222
2,"rand_switch",6,1501
3,"alt_ns",1,795.222222222222
3,"alt_ns",2,999
3,"alt_ns",3,1194.77777777778
3,"alt_ns",4,1494.88888888889
3,"alt_ns",5,1961.77777777778
3,"alt_ns",6,2600.11111111111
3,"alt_switch",1,870.777777777778
3,"alt_switch",2,1110.66666666667
3,"alt_switch",3,1354.22222222222
3,"alt_switch",4,1561.22222222222
3,"alt_switch",5,1767
3,"alt_switch",6,2312.75
3,"pure",1,414.806451612903
3,"pure",2,493.677419354839
3,"pure",3,542.666666666667
3,"pure",4,596.833333333333
3,"pure",5,695.833333333333
3,"pure",6,1080.93333333333
3,"rand_ns",1,697.333333333333
3,"rand_ns",2,845.222222222222
3,"rand_ns",3,949.222222222222
3,"rand_ns",4,1082.22222222222
3,"rand_ns",5,1358.44444444444
3,"rand_ns",6,2073.375
3,"rand_switch",1,762.444444444444
3,"rand_switch",2,935.888888888889
3,"rand_switch",3,1118.125
3,"rand_switch",4,1384.125
3,"rand_switch",5,1755.375
3,"rand_switch",6,2548.75
4,"alt_ns",1,1144.7
4,"alt_ns",2,1312.5
4,"alt_ns",3,1448.6
4,"alt_ns",4,1630.4
4,"alt_ns",5,1932.4
4,"alt_ns",6,2789.2
4,"alt_switch",1,1221
4,"alt_switch",2,1405.9
4,"alt_switch",3,1539.7
4,"alt_switch",4,1684.3
4,"alt_switch",5,2056.3
4,"alt_switch",6,2810.22222222222
4,"pure",1,594.96875
4,"pure",2,662.4375
4,"pure",3,701.46875
4,"pure",4,742.75
4,"pure",5,828.129032258065
4,"pure",6,1293.8064516129
4,"rand_ns",1,1042.3
4,"rand_ns",2,1161.3
4,"rand_ns",3,1256.1
4,"rand_ns",4,1340.4
4,"rand_ns",5,1559.44444444444
4,"rand_ns",6,2583.77777777778
4,"rand_switch",1,1098.8
4,"rand_switch",2,1311.7
4,"rand_switch",3,1449.9
4,"rand_switch",4,1591.6
4,"rand_switch",5,1826.2
4,"rand_switch",6,2523.11111111111
5,"alt_ns",1,550.666666666667
5,"alt_ns",2,718.222222222222
5,"alt_ns",3,869.666666666667
5,"alt_ns",4,1049
5,"alt_ns",5,1366.33333333333
5,"alt_ns",6,2229.77777777778
5,"alt_switch",1,704.777777777778
5,"alt_switch",2,933.777777777778
5,"alt_switch",3,1081.88888888889
5,"alt_switch",4,1187.77777777778
5,"alt_switch",5,1506.25
5,"alt_switch",6,1944.75
5,"pure",1,471.290322580645
5,"pure",2,544.866666666667
5,"pure",3,599.333333333333
5,"pure",4,658.766666666667
5,"pure",5,832.966666666667
5,"pure",6,1209.9
5,"rand_ns",1,713.222222222222
5,"rand_ns",2,832.666666666667
5,"rand_ns",3,947.333333333333
5,"rand_ns",4,1045.22222222222
5,"rand_ns",5,1454.77777777778
5,"rand_ns",6,2194.33333333333
5,"rand_switch",1,728.9
5,"rand_switch",2,939
5,"rand_switch",3,1087.11111111111
5,"rand_switch",4,1275.44444444444
5,"rand_switch",5,1536.55555555556
5,"rand_switch",6,2366
6,"alt_ns",1,801.3
6,"alt_ns",2,937.4
6,"alt_ns",3,1021.2
6,"alt_ns",4,1136.11111111111
6,"alt_ns",5,1331.77777777778
6,"alt_ns",6,2535.11111111111
6,"alt_switch",1,1083.3
6,"alt_switch",2,1219.44444444444
6,"alt_switch",3,1341.88888888889
6,"alt_switch",4,1526.44444444444
6,"alt_switch",5,1803.44444444444
6,"alt_switch",6,2611.88888888889
6,"pure",1,614.90625
6,"pure",2,688.5
6,"pure",3,761.870967741935
6,"pure",4,838.838709677419
6,"pure",5,947.096774193548
6,"pure",6,1745.64516129032
6,"rand_ns",1,850.5
6,"rand_ns",2,935.5
6,"rand_ns",3,1017.1
6,"rand_ns",4,1165.55555555556
6,"rand_ns",5,1324.77777777778
6,"rand_ns",6,2318.55555555556
6,"rand_switch",1,1020.1
6,"rand_switch",2,1282.8
6,"rand_switch",3,1524.77777777778
6,"rand_switch",4,1785.11111111111
6,"rand_switch",5,2175.22222222222
6,"rand_switch",6,3139.11111111111
7,"alt_ns",1,987
7,"alt_ns",2,1148.2
7,"alt_ns",3,1363.7
7,"alt_ns",4,1711.22222222222
7,"alt_ns",5,2231.44444444444
7,"alt_ns",6,3031.66666666667
7,"alt_switch",1,939.888888888889
7,"alt_switch",2,1144.11111111111
7,"alt_switch",3,1439.55555555556
7,"alt_switch",4,1681.33333333333
7,"alt_switch",5,2074.77777777778
7,"alt_switch",6,2710.22222222222
7,"pure",1,489
7,"pure",2,573.166666666667
7,"pure",3,622.333333333333
7,"pure",4,709.066666666667
7,"pure",5,863.3
7,"pure",6,1241.76666666667
7,"rand_ns",1,837.1
7,"rand_ns",2,969
7,"rand_ns",3,1059.44444444444
7,"rand_ns",4,1293.11111111111
7,"rand_ns",5,1597.55555555556
7,"rand_ns",6,2543.33333333333
7,"rand_switch",1,1019.4
7,"rand_switch",2,1244.9
7,"rand_switch",3,1528.1
7,"rand_switch",4,1703.88888888889
7,"rand_switch",5,2061
7,"rand_switch",6,2833.22222222222
8,"alt_ns",1,943.8
8,"alt_ns",2,1111.7
8,"alt_ns",3,1204.3
8,"alt_ns",4,1333.6
8,"alt_ns",5,1672
8,"alt_ns",6,2597.33333333333
8,"alt_switch",1,1020.88888888889
8,"alt_switch",2,1127.55555555556
8,"alt_switch",3,1323
8,"alt_switch",4,1475
8,"alt_switch",5,1759.25
8,"alt_switch",6,2273.125
8,"pure",1,616.03125
8,"pure",2,711.5625
8,"pure",3,764.59375
8,"pure",4,841.375
8,"pure",5,926
8,"pure",6,1211.74193548387
8,"rand_ns",1,933.2
8,"rand_ns",2,1156.5
8,"rand_ns",3,1301.22222222222
8,"rand_ns",4,1477.77777777778
8,"rand_ns",5,1860.44444444444
8,"rand_ns",6,2767.11111111111
8,"rand_switch",1,1148.1
8,"rand_switch",2,1341.7
8,"rand_switch",3,1470.3
8,"rand_switch",4,1630.1
8,"rand_switch",5,2001.9
8,"rand_switch",6,2692.66666666667
9,"alt_ns",1,761
9,"alt_ns",2,829.4
9,"alt_ns",3,929.6
9,"alt_ns",4,1063.22222222222
9,"alt_ns",5,1189.33333333333
9,"alt_ns",6,1562.11111111111
9,"alt_switch",1,771.6
9,"alt_switch",2,880.2
9,"alt_switch",3,968.555555555556
9,"alt_switch",4,1103.33333333333
9,"alt_switch",5,1335.88888888889
9,"alt_switch",6,1822.33333333333
9,"pure",1,404.09375
9,"pure",2,451.225806451613
9,"pure",3,482.516129032258
9,"pure",4,517.032258064516
9,"pure",5,559.838709677419
9,"pure",6,793.161290322581
9,"rand_ns",1,691
9,"rand_ns",2,775.5
9,"rand_ns",3,855.1
9,"rand_ns",4,1007.5
9,"rand_ns",5,1214.88888888889
9,"rand_ns",6,1562.88888888889
9,"rand_switch",1,753.6
9,"rand_switch",2,854.6
9,"rand_switch",3,918.7
9,"rand_switch",4,1032
9,"rand_switch",5,1205.4
9,"rand_switch",6,1544.77777777778
10,"alt_ns",1,961.6
10,"alt_ns",2,1506.8
10,"alt_ns",3,1889.8
10,"alt_ns",4,2522.1
10,"alt_ns",5,3246.44444444444
10,"alt_ns",6,4425.11111111111
10,"alt_switch",1,1168.6
10,"alt_switch",2,1448.5
10,"alt_switch",3,1678.7
10,"alt_switch",4,2056.11111111111
10,"alt_switch",5,2580.55555555556
10,"alt_switch",6,4209.33333333333
10,"pure",1,490.375
10,"pure",2,624.65625
10,"pure",3,743.41935483871
10,"pure",4,1057
10,"pure",5,1456.06451612903
10,"pure",6,3039.48387096774
10,"rand_ns",1,903.2
10,"rand_ns",2,1189.1
10,"rand_ns",3,1726.7
10,"rand_ns",4,2418.66666666667
10,"rand_ns",5,3235
10,"rand_ns",6,4952.44444444444
10,"rand_switch",1,1275.2
10,"rand_switch",2,1734.8
10,"rand_switch",3,2304.7
10,"rand_switch",4,3100
10,"rand_switch",5,3736.55555555556
10,"rand_switch",6,5060
11,"alt_ns",1,705.2
11,"alt_ns",2,818.7
11,"alt_ns",3,967.7
11,"alt_ns",4,1133.5
11,"alt_ns",5,1295.88888888889
11,"alt_ns",6,1696.77777777778
11,"alt_switch",1,801
11,"alt_switch",2,893.888888888889
11,"alt_switch",3,1009.55555555556
11,"alt_switch",4,1144.44444444444
11,"alt_switch",5,1381.66666666667
11,"alt_switch",6,1774
11,"pure",1,411.41935483871
11,"pure",2,482.645161290323
11,"pure",3,533.466666666667
11,"pure",4,592.966666666667
11,"pure",5,730.333333333333
11,"pure",6,1210.3
11,"rand_ns",1,656.4
11,"rand_ns",2,771.6
11,"rand_ns",3,865.3
11,"rand_ns",4,976.222222222222
11,"rand_ns",5,1118
11,"rand_ns",6,1522.66666666667
11,"rand_switch",1,713.181818181818
11,"rand_switch",2,866.4
11,"rand_switch",3,972.9
11,"rand_switch",4,1092.4
11,"rand_switch",5,1210.4
11,"rand_switch",6,1523.8
12,"alt_ns",1,712.5
12,"alt_ns",2,793.5
12,"alt_ns",3,900.2
12,"alt_ns",4,1034.6
12,"alt_ns",5,1198.55555555556
12,"alt_ns",6,1861.66666666667
12,"alt_switch",1,760.4
12,"alt_switch",2,859.3
12,"alt_switch",3,959.444444444444
12,"alt_switch",4,1076.11111111111
12,"alt_switch",5,1361.44444444444
12,"alt_switch",6,1820.11111111111
12,"pure",1,463.709677419355
12,"pure",2,509.387096774194
12,"pure",3,542.741935483871
12,"pure",4,587.064516129032
12,"pure",5,666.967741935484
12,"pure",6,968.774193548387
12,"rand_ns",1,722.6
12,"rand_ns",2,845
12,"rand_ns",3,936.333333333333
12,"rand_ns",4,1104.55555555556
12,"rand_ns",5,1224.22222222222
12,"rand_ns",6,1868.11111111111
12,"rand_switch",1,822.9
12,"rand_switch",2,969.888888888889
12,"rand_switch",3,1097.88888888889
12,"rand_switch",4,1290
12,"rand_switch",5,1494.44444444444
12,"rand_switch",6,1996.44444444444
13,"alt_ns",1,899.6
13,"alt_ns",2,1075.9
13,"alt_ns",3,1269.9
13,"alt_ns",4,1495.3
13,"alt_ns",5,2120.11111111111
13,"alt_ns",6,2876.77777777778
13,"alt_switch",1,956.6
13,"alt_switch",2,1156.6
13,"alt_switch",3,1330.8
13,"alt_switch",4,1664.88888888889
13,"alt_switch",5,2194.44444444444
13,"alt_switch",6,2861.66666666667
13,"pure",1,509.28125
13,"pure",2,562.375
13,"pure",3,615.03125
13,"pure",4,678.193548387097
13,"pure",5,776.129032258065
13,"pure",6,1241.61290322581
13,"rand_ns",1,939.5
13,"rand_ns",2,1098.8
13,"rand_ns",3,1221.77777777778
13,"rand_ns",4,1370.11111111111
13,"rand_ns",5,1599.55555555556
13,"rand_ns",6,2279
13,"rand_switch",1,988.5
13,"rand_switch",2,1232.1
13,"rand_switch",3,1562.2
13,"rand_switch",4,1767.1
13,"rand_switch",5,1918.6
13,"rand_switch",6,2368.4
14,"alt_ns",1,767.3
14,"alt_ns",2,931.6
14,"alt_ns",3,1059.1
14,"alt_ns",4,1343.77777777778
14,"alt_ns",5,1701.77777777778
14,"alt_ns",6,2900.55555555556
14,"alt_switch",1,736.1
14,"alt_switch",2,975.555555555556
14,"alt_switch",3,1157.77777777778
14,"alt_switch",4,1383
14,"alt_switch",5,1705.22222222222
14,"alt_switch",6,2975.33333333333
14,"pure",1,440.5
14,"pure",2,528.8125
14,"pure",3,593.870967741935
14,"pure",4,696.967741935484
14,"pure",5,923.838709677419
14,"pure",6,1673.41935483871
14,"rand_ns",1,778.2
14,"rand_ns",2,904
14,"rand_ns",3,1077.22222222222
14,"rand_ns",4,1424.55555555556
14,"rand_ns",5,1786.88888888889
14,"rand_ns",6,2574.44444444444
14,"rand_switch",1,801.6
14,"rand_switch",2,1070.8
14,"rand_switch",3,1370.2
14,"rand_switch",4,1681.2
14,"rand_switch",5,2030.11111111111
14,"rand_switch",6,2722.33333333333
16,"alt_ns",1,1146.8
16,"alt_ns",2,1563.9
16,"alt_ns",3,1843.7
16,"alt_ns",4,2242
16,"alt_ns",5,2851.2
16,"alt_ns",6,4550.7
16,"alt_switch",1,1353.2
16,"alt_switch",2,1674.7
16,"alt_switch",3,1833
16,"alt_switch",4,2111.2
16,"alt_switch",5,2822.88888888889
16,"alt_switch",6,3996.66666666667
16,"pure",1,529.125
16,"pure",2,615.125
16,"pure",3,701.96875
16,"pure",4,827.483870967742
16,"pure",5,1058.67741935484
16,"pure",6,2162.93548387097
16,"rand_ns",1,1138
16,"rand_ns",2,1897.5
16,"rand_ns",3,2546
16,"rand_ns",4,3079.55555555556
16,"rand_ns",5,3464.66666666667
16,"rand_ns",6,4298.55555555556
16,"rand_switch",1,2109.2
16,"rand_switch",2,2521.4
16,"rand_switch",3,2932.6
16,"rand_switch",4,3279.5
16,"rand_switch",5,3842.2
16,"rand_switch",6,4956.55555555556
17,"alt_ns",1,854.5
17,"alt_ns",2,1042.1
17,"alt_ns",3,1426.5
17,"alt_ns",4,1777.8
17,"alt_ns",5,2235
17,"alt_ns",6,3056.3
17,"alt_switch",1,1186
17,"alt_switch",2,1477.9
17,"alt_switch",3,1722.11111111111
17,"alt_switch",4,1988.88888888889
17,"alt_switch",5,2340.88888888889
17,"alt_switch",6,3056.33333333333
17,"pure",1,394.161290322581
17,"pure",2,450.064516129032
17,"pure",3,494.58064516129
17,"pure",4,539.387096774194
17,"pure",5,587.548387096774
17,"pure",6,817.666666666667
17,"rand_ns",1,755.4
17,"rand_ns",2,883.111111111111
17,"rand_ns",3,1068.11111111111
17,"rand_ns",4,1254.77777777778
17,"rand_ns",5,1474.33333333333
17,"rand_ns",6,2376.66666666667
17,"rand_switch",1,1117
17,"rand_switch",2,1390.66666666667
17,"rand_switch",3,1588.66666666667
17,"rand_switch",4,1806
17,"rand_switch",5,2247.5
17,"rand_switch",6,3440.25
19,"alt_ns",1,822.3
19,"alt_ns",2,995
19,"alt_ns",3,1183.22222222222
19,"alt_ns",4,1456.33333333333
19,"alt_ns",5,1611.22222222222
19,"alt_ns",6,1981.66666666667
19,"alt_switch",1,879.666666666667
19,"alt_switch",2,1042.66666666667
19,"alt_switch",3,1201.11111111111
19,"alt_switch",4,1363
19,"alt_switch",5,1513.125
19,"alt_switch",6,1820.125
19,"pure",1,536.58064516129
19,"pure",2,612.483870967742
19,"pure",3,655.322580645161
19,"pure",4,722.741935483871
19,"pure",5,804.903225806452
19,"pure",6,1137.67741935484
19,"rand_ns",1,707.333333333333
19,"rand_ns",2,801.777777777778
19,"rand_ns",3,879
19,"rand_ns",4,991.444444444444
19,"rand_ns",5,1228.88888888889
19,"rand_ns",6,1721.375
19,"rand_switch",1,726.666666666667
19,"rand_switch",2,873.555555555556
19,"rand_switch",3,969.666666666667
19,"rand_switch",4,1126.44444444444
19,"rand_switch",5,1332.5
19,"rand_switch",6,1719.5
20,"alt_ns",1,869.4
20,"alt_ns",2,994.6
20,"alt_ns",3,1142.1
20,"alt_ns",4,1282.6
20,"alt_ns",5,1642.22222222222
20,"alt_ns",6,2212.11111111111
20,"alt_switch",1,1006.8
20,"alt_switch",2,1296.9
20,"alt_switch",3,1393.33333333333
20,"alt_switch",4,1543.44444444444
20,"alt_switch",5,1737.22222222222
20,"alt_switch",6,2109.44444444444
20,"pure",1,573.59375
20,"pure",2,663.65625
20,"pure",3,737.516129032258
20,"pure",4,845.161290322581
20,"pure",5,969.58064516129
20,"pure",6,1187.12903225806
20,"rand_ns",1,926.444444444444
20,"rand_ns",2,1105.55555555556
20,"rand_ns",3,1258.22222222222
20,"rand_ns",4,1471
20,"rand_ns",5,1670.88888888889
20,"rand_ns",6,2273.22222222222
20,"rand_switch",1,1069.7
20,"rand_switch",2,1306.6
20,"rand_switch",3,1471.3
20,"rand_switch",4,1658.6
20,"rand_switch",5,1912.22222222222
20,"rand_switch",6,2393.33333333333
21,"alt_ns",1,506.5
21,"alt_ns",2,626.9
21,"alt_ns",3,698.3
21,"alt_ns",4,767.666666666667
21,"alt_ns",5,906
21,"alt_ns",6,1434.44444444444
21,"alt_switch",1,584.9
21,"alt_switch",2,672
21,"alt_switch",3,792.888888888889
21,"alt_switch",4,889.888888888889
21,"alt_switch",5,1108.88888888889
21,"alt_switch",6,1607.44444444444
21,"pure",1,386.15625
21,"pure",2,432.354838709677
21,"pure",3,465.967741935484
21,"pure",4,495.935483870968
21,"pure",5,538.225806451613
21,"pure",6,658.41935483871
21,"rand_ns",1,769.4
21,"rand_ns",2,856.7
21,"rand_ns",3,912.444444444444
21,"rand_ns",4,1005.77777777778
21,"rand_ns",5,1213.55555555556
21,"rand_ns",6,1630.55555555556
21,"rand_switch",1,775
21,"rand_switch",2,898.4
21,"rand_switch",3,995.666666666667
21,"rand_switch",4,1112.44444444444
21,"rand_switch",5,1325.66666666667
21,"rand_switch",6,1778.33333333333
22,"alt_ns",1,888.2
22,"alt_ns",2,988
22,"alt_ns",3,1134.5
22,"alt_ns",4,1284.7
22,"alt_ns",5,1556
22,"alt_ns",6,2562.4
22,"alt_switch",1,1089.2
22,"alt_switch",2,1366.9
22,"alt_switch",3,1585
22,"alt_switch",4,1756.88888888889
22,"alt_switch",5,2023.66666666667
22,"alt_switch",6,2806.88888888889
22,"pure",1,505.625
22,"pure",2,567.1875
22,"pure",3,637
22,"pure",4,684.5625
22,"pure",5,761.225806451613
22,"pure",6,1048.8064516129
22,"rand_ns",1,938.2
22,"rand_ns",2,1136.3
22,"rand_ns",3,1307.3
22,"rand_ns",4,1486.44444444444
22,"rand_ns",5,2124.77777777778
22,"rand_ns",6,3102.11111111111
22,"rand_switch",1,1207.9
22,"rand_switch",2,1502.88888888889
22,"rand_switch",3,1687
22,"rand_switch",4,1841
22,"rand_switch",5,2105.11111111111
22,"rand_switch",6,3192.11111111111
23,"alt_ns",1,484.4
23,"alt_ns",2,592.111111111111
23,"alt_ns",3,662.777777777778
23,"alt_ns",4,761
23,"alt_ns",5,1040.77777777778
23,"alt_ns",6,1597.22222222222
23,"alt_switch",1,617.875
23,"alt_switch",2,768
23,"alt_switch",3,993.75
23,"alt_switch",4,1218.5
23,"alt_switch",5,1352.375
23,"alt_switch",6,2071.375
23,"pure",1,429.133333333333
23,"pure",2,466.333333333333
23,"pure",3,491.724137931034
23,"pure",4,535
23,"pure",5,592.275862068965
23,"pure",6,922.103448275862
23,"rand_ns",1,585.444444444444
23,"rand_ns",2,680.555555555556
23,"rand_ns",3,739.75
23,"rand_ns",4,843.875
23,"rand_ns",5,990.125
23,"rand_ns",6,1547.625
23,"rand_switch",1,756.5
23,"rand_switch",2,878.1
23,"rand_switch",3,980.8
23,"rand_switch",4,1036.5
23,"rand_switch",5,1236.2
23,"rand_switch",6,1793.66666666667
24,"alt_ns",1,839.222222222222
24,"alt_ns",2,1105.77777777778
24,"alt_ns",3,1371.11111111111
24,"alt_ns",4,1726.44444444444
24,"alt_ns",5,2171.66666666667
24,"alt_ns",6,3625.88888888889
24,"alt_switch",1,1174.2
24,"alt_switch",2,1401.44444444444
24,"alt_switch",3,1588.55555555556
24,"alt_switch",4,1712.22222222222
24,"alt_switch",5,2158.22222222222
24,"alt_switch",6,3663.55555555556
24,"pure",1,525.84375
24,"pure",2,582.71875
24,"pure",3,642.58064516129
24,"pure",4,691
24,"pure",5,747.451612903226
24,"pure",6,958.193548387097
24,"rand_ns",1,862.7
24,"rand_ns",2,1120.33333333333
24,"rand_ns",3,1362
24,"rand_ns",4,1592.33333333333
24,"rand_ns",5,2023.77777777778
24,"rand_ns",6,3202.11111111111
24,"rand_switch",1,1174.7
24,"rand_switch",2,1442.9
24,"rand_switch",3,1672.66666666667
24,"rand_switch",4,1802
24,"rand_switch",5,2089.11111111111
24,"rand_switch",6,3184.11111111111
25,"alt_ns",1,830.1
25,"alt_ns",2,911.7
25,"alt_ns",3,983.2
25,"alt_ns",4,1076.44444444444
25,"alt_ns",5,1306.88888888889
25,"alt_ns",6,1827.33333333333
25,"alt_switch",1,906.6
25,"alt_switch",2,1045.3
25,"alt_switch",3,1137.33333333333
25,"alt_switch",4,1204.55555555556
25,"alt_switch",5,1354.22222222222
25,"alt_switch",6,1819.44444444444
25,"pure",1,433.375
25,"pure",2,481.870967741935
25,"pure",3,511.870967741935
25,"pure",4,550.483870967742
25,"pure",5,597.709677419355
25,"pure",6,736.41935483871
25,"rand_ns",1,875.6
25,"rand_ns",2,963.9
25,"rand_ns",3,1006.1
25,"rand_ns",4,1073.9
25,"rand_ns",5,1202.33333333333
25,"rand_ns",6,1530.11111111111
25,"rand_switch",1,884.4
25,"rand_switch",2,961.8
25,"rand_switch",3,1030.3
25,"rand_switch",4,1137.9
25,"rand_switch",5,1268.22222222222
25,"rand_switch",6,1717.11111111111
26,"alt_ns",1,660
26,"alt_ns",2,728.888888888889
26,"alt_ns",3,806.666666666667
26,"alt_ns",4,907.333333333333
26,"alt_ns",5,1091.11111111111
26,"alt_ns",6,1514.33333333333
26,"alt_switch",1,738.444444444444
26,"alt_switch",2,878.444444444444
26,"alt_switch",3,1030.55555555556
26,"alt_switch",4,1165.88888888889
26,"alt_switch",5,1447.22222222222
26,"alt_switch",6,1859.75
26,"pure",1,426.125
26,"pure",2,487.78125
26,"pure",3,539.967741935484
26,"pure",4,584.387096774194
26,"pure",5,661.967741935484
26,"pure",6,1077.45161290323
26,"rand_ns",1,605.7
26,"rand_ns",2,705.5
26,"rand_ns",3,775.888888888889
26,"rand_ns",4,880.111111111111
26,"rand_ns",5,995
26,"rand_ns",6,1375.88888888889
26,"rand_switch",1,781.4
26,"rand_switch",2,1019.4
26,"rand_switch",3,1139.3
26,"rand_switch",4,1300.55555555556
26,"rand_switch",5,1495.22222222222
26,"rand_switch",6,1907.22222222222
27,"alt_ns",1,784.111111111111
27,"alt_ns",2,856.111111111111
27,"alt_ns",3,1061.66666666667
27,"alt_ns",4,1317.11111111111
27,"alt_ns",5,1931.44444444444
27,"alt_ns",6,3326.375
27,"alt_switch",1,829.625
27,"alt_switch",2,940.5
27,"alt_switch",3,1109.625
27,"alt_switch",4,1276.5
27,"alt_switch",5,1466.75
27,"alt_switch",6,2388.5
27,"pure",1,451.857142857143
27,"pure",2,563.535714285714
27,"pure",3,640.392857142857
27,"pure",4,760.321428571429
27,"pure",5,925.607142857143
27,"pure",6,2194.88888888889
27,"rand_ns",1,687.3
27,"rand_ns",2,815.111111111111
27,"rand_ns",3,940.333333333333
27,"rand_ns",4,1240.44444444444
27,"rand_ns",5,1665.66666666667
27,"rand_ns",6,3171.55555555556
27,"rand_switch",1,743.7
27,"rand_switch",2,900.4
27,"rand_switch",3,1002.2
27,"rand_switch",4,1285.5
27,"rand_switch",5,1777.88888888889
27,"rand_switch",6,2784.88888888889
28,"alt_ns",1,886.2
28,"alt_ns",2,1077.22222222222
28,"alt_ns",3,1186.33333333333
28,"alt_ns",4,1282.22222222222
28,"alt_ns",5,1522.44444444444
28,"alt_ns",6,2099.44444444444
28,"alt_switch",1,1021.77777777778
28,"alt_switch",2,1191.55555555556
28,"alt_switch",3,1330.77777777778
28,"alt_switch",4,1478.33333333333
28,"alt_switch",5,1665.375
28,"alt_switch",6,2018
28,"pure",1,505.806451612903
28,"pure",2,574.233333333333
28,"pure",3,614.566666666667
28,"pure",4,653.466666666667
28,"pure",5,730.633333333333
28,"pure",6,997.6
28,"rand_ns",1,712.1
28,"rand_ns",2,932.333333333333
28,"rand_ns",3,1140.66666666667
28,"rand_ns",4,1286
28,"rand_ns",5,1603.55555555556
28,"rand_ns",6,2119
28,"rand_switch",1,915.444444444444
28,"rand_switch",2,1342.11111111111
28,"rand_switch",3,1600.44444444444
28,"rand_switch",4,1730
28,"rand_switch",5,1923.75
28,"rand_switch",6,2347.125
29,"alt_ns",1,753.1
29,"alt_ns",2,855.6
29,"alt_ns",3,940.7
29,"alt_ns",4,1021.55555555556
29,"alt_ns",5,1261.11111111111
29,"alt_ns",6,2098.55555555556
29,"alt_switch",1,743.9
29,"alt_switch",2,844.333333333333
29,"alt_switch",3,953
29,"alt_switch",4,1113.44444444444
29,"alt_switch",5,1401.88888888889
29,"alt_switch",6,1913.22222222222
29,"pure",1,407.03125
29,"pure",2,471.25
29,"pure",3,522.612903225806
29,"pure",4,565.225806451613
29,"pure",5,640.774193548387
29,"pure",6,985.870967741935
29,"rand_ns",1,673.777777777778
29,"rand_ns",2,763.444444444444
29,"rand_ns",3,821.555555555556
29,"rand_ns",4,917
29,"rand_ns",5,1209.44444444444
29,"rand_ns",6,1902.11111111111
29,"rand_switch",1,729.111111111111
29,"rand_switch",2,858.888888888889
29,"rand_switch",3,1050.11111111111
29,"rand_switch",4,1325.88888888889
29,"rand_switch",5,1533.66666666667
29,"rand_switch",6,2135
30,"alt_ns",1,919.4
30,"alt_ns",2,1271.77777777778
30,"alt_ns",3,1589.55555555556
30,"alt_ns",4,1810.55555555556
30,"alt_ns",5,2177
30,"alt_ns",6,3367.11111111111
30,"alt_switch",1,988.444444444444
30,"alt_switch",2,1215.11111111111
30,"alt_switch",3,1372.55555555556
30,"alt_switch",4,1624.11111111111
30,"alt_switch",5,2095.88888888889
30,"alt_switch",6,3150.11111111111
30,"pure",1,361.233333333333
30,"pure",2,430.866666666667
30,"pure",3,476.566666666667
30,"pure",4,548.633333333333
30,"pure",5,675.533333333333
30,"pure",6,1619.86666666667
30,"rand_ns",1,940.1
30,"rand_ns",2,1212.2
30,"rand_ns",3,1541.4
30,"rand_ns",4,1919.3
30,"rand_ns",5,2362.1
30,"rand_ns",6,3920
30,"rand_switch",1,1145.7
30,"rand_switch",2,1484.5
30,"rand_switch",3,1726.4
30,"rand_switch",4,2050.7
30,"rand_switch",5,2601.11111111111
30,"rand_switch",6,3541.66666666667
31,"alt_ns",1,880.5
31,"alt_ns",2,1131.7
31,"alt_ns",3,1285
31,"alt_ns",4,1371.77777777778
31,"alt_ns",5,1570.77777777778
31,"alt_ns",6,1931.22222222222
31,"alt_switch",1,966.7
31,"alt_switch",2,1174.7
31,"alt_switch",3,1271.6
31,"alt_switch",4,1376
31,"alt_switch",5,1561.33333333333
31,"alt_switch",6,2213.55555555556
31,"pure",1,495.1875
31,"pure",2,524.0625
31,"pure",3,552.5625
31,"pure",4,597.129032258065
31,"pure",5,658.516129032258
31,"pure",6,976.129032258065
31,"rand_ns",1,800.2
31,"rand_ns",2,898
31,"rand_ns",3,989.777777777778
31,"rand_ns",4,1193.44444444444
31,"rand_ns",5,1367.11111111111
31,"rand_ns",6,2097.44444444444
31,"rand_switch",1,902.4
31,"rand_switch",2,1149.6
31,"rand_switch",3,1282.7
31,"rand_switch",4,1406.6
31,"rand_switch",5,1562.33333333333
31,"rand_switch",6,2117
34,"alt_ns",1,750.8
34,"alt_ns",2,876.6
34,"alt_ns",3,1020
34,"alt_ns",4,1159.1
34,"alt_ns",5,1412.22222222222
34,"alt_ns",6,1969.88888888889
34,"alt_switch",1,891.8
34,"alt_switch",2,1055.33333333333
34,"alt_switch",3,1193.22222222222
34,"alt_switch",4,1297.55555555556
34,"alt_switch",5,1564.55555555556
34,"alt_switch",6,2179.66666666667
34,"pure",1,473.875
34,"pure",2,526.5
34,"pure",3,569.6875
34,"pure",4,615.25
34,"pure",5,692.709677419355
34,"pure",6,948.548387096774
34,"rand_ns",1,844.1
34,"rand_ns",2,1062.9
34,"rand_ns",3,1262.8
34,"rand_ns",4,1439.55555555556
34,"rand_ns",5,1741.22222222222
34,"rand_ns",6,2134.66666666667
34,"rand_switch",1,924.5
34,"rand_switch",2,1124.3
34,"rand_switch",3,1305
34,"rand_switch",4,1486.44444444444
34,"rand_switch",5,1823.33333333333
34,"rand_switch",6,2199.66666666667
35,"alt_ns",1,788.3
35,"alt_ns",2,939.8
35,"alt_ns",3,1054.2
35,"alt_ns",4,1163.44444444444
35,"alt_ns",5,1318.88888888889
35,"alt_ns",6,1609.22222222222
35,"alt_switch",1,825.444444444444
35,"alt_switch",2,955.555555555556
35,"alt_switch",3,1100.66666666667
35,"alt_switch",4,1220.77777777778
35,"alt_switch",5,1374
35,"alt_switch",6,1864.625
35,"pure",1,325.833333333333
35,"pure",2,369.2
35,"pure",3,394.733333333333
35,"pure",4,429.466666666667
35,"pure",5,460.466666666667
35,"pure",6,587.310344827586
35,"rand_ns",1,683.3
35,"rand_ns",2,803.1
35,"rand_ns",3,902.555555555556
35,"rand_ns",4,1014.55555555556
35,"rand_ns",5,1208.66666666667
35,"rand_ns",6,1748.44444444444
35,"rand_switch",1,800.3
35,"rand_switch",2,927.4
35,"rand_switch",3,1060.9
35,"rand_switch",4,1181.8
35,"rand_switch",5,1406.1
35,"rand_switch",6,2023
37,"alt_ns",1,1095.8
37,"alt_ns",2,1337.9
37,"alt_ns",3,1668.2
37,"alt_ns",4,2139.7
37,"alt_ns",5,2734.2
37,"alt_ns",6,4131.4
37,"alt_switch",1,990.777777777778
37,"alt_switch",2,1239.44444444444
37,"alt_switch",3,1434.11111111111
37,"alt_switch",4,1675.44444444444
37,"alt_switch",5,2172.66666666667
37,"alt_switch",6,3289.33333333333
37,"pure",1,560.6
37,"pure",2,651
37,"pure",3,765.241379310345
37,"pure",4,877.896551724138
37,"pure",5,1118.62068965517
37,"pure",6,1854.86206896552
37,"rand_ns",1,858.222222222222
37,"rand_ns",2,1072
37,"rand_ns",3,1301.625
37,"rand_ns",4,1566.75
37,"rand_ns",5,2191.125
37,"rand_ns",6,3507.25
37,"rand_switch",1,993.222222222222
37,"rand_switch",2,1309
37,"rand_switch",3,1640.44444444444
37,"rand_switch",4,2016.55555555556
37,"rand_switch",5,2739.44444444444
37,"rand_switch",6,4101.11111111111
38,"alt_ns",1,825.5
38,"alt_ns",2,950.6
38,"alt_ns",3,1091.77777777778
38,"alt_ns",4,1248.88888888889
38,"alt_ns",5,1679.33333333333
38,"alt_ns",6,2087.33333333333
38,"alt_switch",1,823.222222222222
38,"alt_switch",2,999.888888888889
38,"alt_switch",3,1172.88888888889
38,"alt_switch",4,1377.55555555556
38,"alt_switch",5,1698.44444444444
38,"alt_switch",6,2124
38,"pure",1,434.96875
38,"pure",2,484.967741935484
38,"pure",3,511.677419354839
38,"pure",4,542.483870967742
38,"pure",5,586.903225806452
38,"pure",6,807.451612903226
38,"rand_ns",1,717.1
38,"rand_ns",2,835.3
38,"rand_ns",3,936.666666666667
38,"rand_ns",4,1065.88888888889
38,"rand_ns",5,1341.88888888889
38,"rand_ns",6,1822.11111111111
38,"rand_switch",1,892.1
38,"rand_switch",2,997.888888888889
38,"rand_switch",3,1130.88888888889
38,"rand_switch",4,1345.66666666667
38,"rand_switch",5,1597.22222222222
38,"rand_switch",6,1993.66666666667
39,"alt_ns",1,693.9
39,"alt_ns",2,836.7
39,"alt_ns",3,913
39,"alt_ns",4,1061.1
39,"alt_ns",5,1280.9
39,"alt_ns",6,1619.77777777778
39,"alt_switch",1,727.333333333333
39,"alt_switch",2,923.777777777778
39,"alt_switch",3,1106.33333333333
39,"alt_switch",4,1224
39,"alt_switch",5,1398.5
39,"alt_switch",6,1655.5
39,"pure",1,316.137931034483
39,"pure",2,356.620689655172
39,"pure",3,394.321428571429
39,"pure",4,426.678571428571
39,"pure",5,474.071428571429
39,"pure",6,651
39,"rand_ns",1,559.333333333333
39,"rand_ns",2,678
39,"rand_ns",3,767.777777777778
39,"rand_ns",4,958.333333333333
39,"rand_ns",5,1174.44444444444
39,"rand_ns",6,1668.75
39,"rand_switch",1,664.6
39,"rand_switch",2,772.222222222222
39,"rand_switch",3,906.888888888889
39,"rand_switch",4,1025.44444444444
39,"rand_switch",5,1247.33333333333
39,"rand_switch",6,1606.66666666667
40,"alt_ns",1,768.9
40,"alt_ns",2,867.6
40,"alt_ns",3,960.444444444444
40,"alt_ns",4,1048.77777777778
40,"alt_ns",5,1262.33333333333
40,"alt_ns",6,1685.22222222222
40,"alt_switch",1,840.6
40,"alt_switch",2,945.1
40,"alt_switch",3,988.222222222222
40,"alt_switch",4,1105
40,"alt_switch",5,1270.22222222222
40,"alt_switch",6,1742.88888888889
40,"pure",1,430
40,"pure",2,488.322580645161
40,"pure",3,518.233333333333
40,"pure",4,553.366666666667
40,"pure",5,594.133333333333
40,"pure",6,795.233333333333
40,"rand_ns",1,836.444444444444
40,"rand_ns",2,916.666666666667
40,"rand_ns",3,1023.22222222222
40,"rand_ns",4,1193.22222222222
40,"rand_ns",5,1458.88888888889
40,"rand_ns",6,1981.44444444444
40,"rand_switch",1,822.1
40,"rand_switch",2,971.1
40,"rand_switch",3,1103.88888888889
40,"rand_switch",4,1216.66666666667
40,"rand_switch",5,1452.11111111111
40,"rand_switch",6,1841.55555555556
43,"alt_ns",1,814.6
43,"alt_ns",2,960.4
43,"alt_ns",3,1179.6
43,"alt_ns",4,1423.88888888889
43,"alt_ns",5,1677.88888888889
43,"alt_ns",6,2086.77777777778
43,"alt_switch",1,873.2
43,"alt_switch",2,1058.9
43,"alt_switch",3,1235.7
43,"alt_switch",4,1350.77777777778
43,"alt_switch",5,1525.77777777778
43,"alt_switch",6,2022.88888888889
43,"pure",1,411.451612903226
43,"pure",2,463.709677419355
43,"pure",3,514.064516129032
43,"pure",4,567.483870967742
43,"pure",5,656.483870967742
43,"pure",6,936.5
43,"rand_ns",1,651.222222222222
43,"rand_ns",2,764.333333333333
43,"rand_ns",3,831.111111111111
43,"rand_ns",4,927.444444444444
43,"rand_ns",5,1140.55555555556
43,"rand_ns",6,1486
43,"rand_switch",1,755.4
43,"rand_switch",2,912
43,"rand_switch",3,987.888888888889
43,"rand_switch",4,1095.66666666667
43,"rand_switch",5,1273
43,"rand_switch",6,1658.77777777778
44,"alt_ns",1,335.5
44,"alt_ns",2,888.25
44,"alt_ns",3,1107.5
44,"alt_ns",4,1349.5
44,"alt_ns",5,1627.5
44,"alt_ns",6,3966.125
44,"alt_switch",1,192.111111111111
44,"alt_switch",2,867.888888888889
44,"alt_switch",3,1169.66666666667
44,"alt_switch",4,1459.33333333333
44,"alt_switch",5,1938.33333333333
44,"alt_switch",6,4011.25
44,"pure",1,379.870967741935
44,"pure",2,468.354838709677
44,"pure",3,545.129032258065
44,"pure",4,622.354838709677
44,"pure",5,769.548387096774
44,"pure",6,1840.8
44,"rand_ns",1,716
44,"rand_ns",2,944.555555555556
44,"rand_ns",3,1148.55555555556
44,"rand_ns",4,1465.55555555556
44,"rand_ns",5,2138.77777777778
44,"rand_ns",6,4402.77777777778
44,"rand_switch",1,837.7
44,"rand_switch",2,1197.33333333333
44,"rand_switch",3,1499.44444444444
44,"rand_switch",4,1781.33333333333
44,"rand_switch",5,2183.33333333333
44,"rand_switch",6,4170.44444444444
45,"alt_ns",1,715.1
45,"alt_ns",2,809.9
45,"alt_ns",3,883.888888888889
45,"alt_ns",4,1013.22222222222
45,"alt_ns",5,1140.88888888889
45,"alt_ns",6,1491.33333333333
45,"alt_switch",1,767.5
45,"alt_switch",2,856.9
45,"alt_switch",3,913
45,"alt_switch",4,983
45,"alt_switch",5,1074.22222222222
45,"alt_switch",6,1223.44444444444
45,"pure",1,400.625
45,"pure",2,453.34375
45,"pure",3,495.129032258065
45,"pure",4,539.806451612903
45,"pure",5,607.774193548387
45,"pure",6,837.612903225806
45,"rand_ns",1,605.9
45,"rand_ns",2,674
45,"rand_ns",3,747
45,"rand_ns",4,865
45,"rand_ns",5,1063.77777777778
45,"rand_ns",6,1379.66666666667
45,"rand_switch",1,648.8
45,"rand_switch",2,735.6
45,"rand_switch",3,799
45,"rand_switch",4,886.8
45,"rand_switch",5,987.888888888889
45,"rand_switch",6,1212.66666666667
46,"alt_ns",1,782.4
46,"alt_ns",2,943.2
46,"alt_ns",3,1166.6
46,"alt_ns",4,1489.5
46,"alt_ns",5,1895.77777777778
46,"alt_ns",6,2517.44444444444
46,"alt_switch",1,923.777777777778
46,"alt_switch",2,1135.75
46,"alt_switch",3,1347.5
46,"alt_switch",4,1558.375
46,"alt_switch",5,1765.875
46,"alt_switch",6,2110.5
46,"pure",1,399.6
46,"pure",2,455.433333333333
46,"pure",3,508.633333333333
46,"pure",4,570.766666666667
46,"pure",5,636.633333333333
46,"pure",6,1058.46666666667
46,"rand_ns",1,679
46,"rand_ns",2,812.777777777778
46,"rand_ns",3,966.333333333333
46,"rand_ns",4,1132.55555555556
46,"rand_ns",5,1746.44444444444
46,"rand_ns",6,2447.66666666667
46,"rand_switch",1,781.777777777778
46,"rand_switch",2,987.333333333333
46,"rand_switch",3,1144.33333333333
46,"rand_switch",4,1440.77777777778
46,"rand_switch",5,1761
46,"rand_switch",6,2400.625
47,"alt_ns",1,781
47,"alt_ns",2,927.1
47,"alt_ns",3,1129.5
47,"alt_ns",4,1466.9
47,"alt_ns",5,1805
47,"alt_ns",6,2364.33333333333
47,"alt_switch",1,876.1
47,"alt_switch",2,973.4
47,"alt_switch",3,1146.66666666667
47,"alt_switch",4,1338.88888888889
47,"alt_switch",5,1573.11111111111
47,"alt_switch",6,2264.22222222222
47,"pure",1,433.0625
47,"pure",2,516.935483870968
47,"pure",3,568.387096774194
47,"pure",4,633.096774193548
47,"pure",5,744.967741935484
47,"pure",6,1215.93548387097
47,"rand_ns",1,782.6
47,"rand_ns",2,875.666666666667
47,"rand_ns",3,1053.77777777778
47,"rand_ns",4,1264.11111111111
47,"rand_ns",5,1492.55555555556
47,"rand_ns",6,1956.11111111111
47,"rand_switch",1,911.4
47,"rand_switch",2,975
47,"rand_switch",3,1059.22222222222
47,"rand_switch",4,1192.33333333333
47,"rand_switch",5,1351
47,"rand_switch",6,1883.88888888889
50,"alt_ns",1,598.666666666667
50,"alt_ns",2,694.777777777778
50,"alt_ns",3,846.375
50,"alt_ns",4,999.5
50,"alt_ns",5,1311.875
50,"alt_ns",6,1673.5
50,"alt_switch",1,626.888888888889
50,"alt_switch",2,735.222222222222
50,"alt_switch",3,849
50,"alt_switch",4,958.333333333333
50,"alt_switch",5,1198.77777777778
50,"alt_switch",6,1632.77777777778
50,"pure",1,343.064516129032
50,"pure",2,396.387096774194
50,"pure",3,436.516129032258
50,"pure",4,480.774193548387
50,"pure",5,564.677419354839
50,"pure",6,916.233333333333
50,"rand_ns",1,605.3
50,"rand_ns",2,714.222222222222
50,"rand_ns",3,782.666666666667
50,"rand_ns",4,888.777777777778
50,"rand_ns",5,1102.33333333333
50,"rand_ns",6,1710.77777777778
50,"rand_switch",1,668.5
50,"rand_switch",2,773
50,"rand_switch",3,856.4
50,"rand_switch",4,940.6
50,"rand_switch",5,1074.3
50,"rand_switch",6,1492.77777777778
51,"alt_ns",1,734.5
51,"alt_ns",2,811.4
51,"alt_ns",3,871.3
51,"alt_ns",4,984.6
51,"alt_ns",5,1273.6
51,"alt_ns",6,1652.8
51,"alt_switch",1,919.1
51,"alt_switch",2,1123.2
51,"alt_switch",3,1320.7
51,"alt_switch",4,1529.6
51,"alt_switch",5,1742.33333333333
51,"alt_switch",6,2166.11111111111
51,"pure",1,417.625
51,"pure",2,469.25
51,"pure",3,505.25
51,"pure",4,533.41935483871
51,"pure",5,578.806451612903
51,"pure",6,785.935483870968
51,"rand_ns",1,754.7
51,"rand_ns",2,887.5
51,"rand_ns",3,983.7
51,"rand_ns",4,1161.44444444444
51,"rand_ns",5,1408.44444444444
51,"rand_ns",6,1746.66666666667
51,"rand_switch",1,934.1
51,"rand_switch",2,1023.5
51,"rand_switch",3,1170.9
51,"rand_switch",4,1562.9
51,"rand_switch",5,1852.33333333333
51,"rand_switch",6,2257.22222222222
53,"alt_ns",1,728.1
53,"alt_ns",2,818.6
53,"alt_ns",3,881.2
53,"alt_ns",4,1039.1
53,"alt_ns",5,1344.3
53,"alt_ns",6,1898.77777777778
53,"alt_switch",1,765.444444444444
53,"alt_switch",2,932.555555555556
53,"alt_switch",3,1088.55555555556
53,"alt_switch",4,1302.5
53,"alt_switch",5,1537.125
53,"alt_switch",6,1992.375
53,"pure",1,377.3
53,"pure",2,434.9
53,"pure",3,468.533333333333
53,"pure",4,506.5
53,"pure",5,557.333333333333
53,"pure",6,756.6
53,"rand_ns",1,700.2
53,"rand_ns",2,828.444444444444
53,"rand_ns",3,910.555555555556
53,"rand_ns",4,1141.77777777778
53,"rand_ns",5,1615.77777777778
53,"rand_ns",6,2022.66666666667
53,"rand_switch",1,793.5
53,"rand_switch",2,948.3
53,"rand_switch",3,1100.2
53,"rand_switch",4,1338.55555555556
53,"rand_switch",5,1560.55555555556
53,"rand_switch",6,2235.44444444444
54,"alt_ns",1,787.777777777778
54,"alt_ns",2,934.333333333333
54,"alt_ns",3,1168.55555555556
54,"alt_ns",4,1420.5
54,"alt_ns",5,1557.5
54,"alt_ns",6,1950.125
54,"alt_switch",1,781
54,"alt_switch",2,972.222222222222
54,"alt_switch",3,1068.66666666667
54,"alt_switch",4,1228.66666666667
54,"alt_switch",5,1519.44444444444
54,"alt_switch",6,1984.875
54,"pure",1,400.068965517241
54,"pure",2,455.103448275862
54,"pure",3,488.310344827586
54,"pure",4,534.793103448276
54,"pure",5,607.103448275862
54,"pure",6,899.034482758621
54,"rand_ns",1,695.8
54,"rand_ns",2,877.6
54,"rand_ns",3,990.5
54,"rand_ns",4,1180.8
54,"rand_ns",5,1379.11111111111
54,"rand_ns",6,1942.55555555556
54,"rand_switch",1,772.3
54,"rand_switch",2,939.2
54,"rand_switch",3,1101.7
54,"rand_switch",4,1245.88888888889
54,"rand_switch",5,1469.88888888889
54,"rand_switch",6,2014.88888888889
55,"alt_ns",1,978.2
55,"alt_ns",2,1240.5
55,"alt_ns",3,1497.4
55,"alt_ns",4,1834.8
55,"alt_ns",5,2400.8
55,"alt_ns",6,3770.6
55,"alt_switch",1,1385.2
55,"alt_switch",2,1686.1
55,"alt_switch",3,1845.77777777778
55,"alt_switch",4,2223.22222222222
55,"alt_switch",5,2724.22222222222
55,"alt_switch",6,4670.11111111111
55,"pure",1,477.193548387097
55,"pure",2,567.58064516129
55,"pure",3,645.2
55,"pure",4,759
55,"pure",5,950.166666666667
55,"pure",6,1725.1
55,"rand_ns",1,939.2
55,"rand_ns",2,1115
55,"rand_ns",3,1336.4
55,"rand_ns",4,1576.88888888889
55,"rand_ns",5,2144.44444444444
55,"rand_ns",6,4296.66666666667
55,"rand_switch",1,1217.4
55,"rand_switch",2,1464.9
55,"rand_switch",3,1629.1
55,"rand_switch",4,1844.44444444444
55,"rand_switch",5,2258
55,"rand_switch",6,3607.66666666667
56,"alt_ns",1,800.3
56,"alt_ns",2,1009.77777777778
56,"alt_ns",3,1184.66666666667
56,"alt_ns",4,1595.88888888889
56,"alt_ns",5,2216.11111111111
56,"alt_ns",6,2902
56,"alt_switch",1,872.555555555556
56,"alt_switch",2,991.25
56,"alt_switch",3,1153.75
56,"alt_switch",4,1394.875
56,"alt_switch",5,1762
56,"alt_switch",6,2478.875
56,"pure",1,431.354838709677
56,"pure",2,496.548387096774
56,"pure",3,555.466666666667
56,"pure",4,628.733333333333
56,"pure",5,784.6
56,"pure",6,1208.93333333333
56,"rand_ns",1,705.2
56,"rand_ns",2,830.3
56,"rand_ns",3,985.7
56,"rand_ns",4,1273.55555555556
56,"rand_ns",5,1601.22222222222
56,"rand_ns",6,2418.88888888889
56,"rand_switch",1,832
56,"rand_switch",2,1118.9
56,"rand_switch",3,1309.8
56,"rand_switch",4,1518.33333333333
56,"rand_switch",5,1859.44444444444
56,"rand_switch",6,2566.44444444444
57,"alt_ns",1,621.3
57,"alt_ns",2,696.111111111111
57,"alt_ns",3,751.222222222222
57,"alt_ns",4,829.333333333333
57,"alt_ns",5,961.555555555556
57,"alt_ns",6,1235.66666666667
57,"alt_switch",1,677.777777777778
57,"alt_switch",2,753
57,"alt_switch",3,810
57,"alt_switch",4,981.111111111111
57,"alt_switch",5,1270.44444444444
57,"alt_switch",6,1464
57,"pure",1,348.241379310345
57,"pure",2,396.607142857143
57,"pure",3,446
57,"pure",4,488.428571428571
57,"pure",5,538.678571428571
57,"pure",6,719.035714285714
57,"rand_ns",1,605
57,"rand_ns",2,692.777777777778
57,"rand_ns",3,752.777777777778
57,"rand_ns",4,847.555555555556
57,"rand_ns",5,1021.375
57,"rand_ns",6,1355.625
57,"rand_switch",1,633.3
57,"rand_switch",2,725.444444444444
57,"rand_switch",3,788.888888888889
57,"rand_switch",4,886.555555555556
57,"rand_switch",5,998.222222222222
57,"rand_switch",6,1478.66666666667
58,"alt_ns",1,714.9
58,"alt_ns",2,804.3
58,"alt_ns",3,924.777777777778
58,"alt_ns",4,1267.77777777778
58,"alt_ns",5,1755.66666666667
58,"alt_ns",6,2721.66666666667
58,"alt_switch",1,883.444444444444
58,"alt_switch",2,1321.22222222222
58,"alt_switch",3,1525.375
58,"alt_switch",4,1962.125
58,"alt_switch",5,2935.75
58,"alt_switch",6,3962.25
58,"pure",1,479.096774193548
58,"pure",2,568.451612903226
58,"pure",3,647.032258064516
58,"pure",4,746.129032258065
58,"pure",5,1011.25806451613
58,"pure",6,1972.35483870968
58,"rand_ns",1,693.8
58,"rand_ns",2,849.111111111111
58,"rand_ns",3,930.555555555556
58,"rand_ns",4,1219.66666666667
58,"rand_ns",5,1689.55555555556
58,"rand_ns",6,3189.33333333333
58,"rand_switch",1,825.8
58,"rand_switch",2,1088.2
58,"rand_switch",3,1419.3
58,"rand_switch",4,1872.66666666667
58,"rand_switch",5,2300
58,"rand_switch",6,3211.88888888889
59,"alt_ns",1,775.5
59,"alt_ns",2,922.9
59,"alt_ns",3,1122.2
59,"alt_ns",4,1235.5
59,"alt_ns",5,1506.88888888889
59,"alt_ns",6,2190.55555555556
59,"alt_switch",1,977.555555555556
59,"alt_switch",2,1224
59,"alt_switch",3,1398
59,"alt_switch",4,1614.25
59,"alt_switch",5,1972.875
59,"alt_switch",6,2566.5
59,"pure",1,523.322580645161
59,"pure",2,588.967741935484
59,"pure",3,643.677419354839
59,"pure",4,690.225806451613
59,"pure",5,766.935483870968
59,"pure",6,1181.61290322581
59,"rand_ns",1,800.3
59,"rand_ns",2,966
59,"rand_ns",3,1134.4
59,"rand_ns",4,1406.33333333333
59,"rand_ns",5,1753.77777777778
59,"rand_ns",6,2410
59,"rand_switch",1,931.3
59,"rand_switch",2,1149.1
59,"rand_switch",3,1309.3
59,"rand_switch",4,1536.4
59,"rand_switch",5,1800
59,"rand_switch",6,2206.11111111111
60,"alt_ns",1,741.888888888889
60,"alt_ns",2,848.777777777778
60,"alt_ns",3,946.777777777778
60,"alt_ns",4,1030.22222222222
60,"alt_ns",5,1165.125
60,"alt_ns",6,1379.5
60,"alt_switch",1,760.142857142857
60,"alt_switch",2,873.285714285714
60,"alt_switch",3,1069.71428571429
60,"alt_switch",4,1215.85714285714
60,"alt_switch",5,1460.28571428571
60,"alt_switch",6,1996.85714285714
60,"pure",1,358
60,"pure",2,404.766666666667
60,"pure",3,442.933333333333
60,"pure",4,472.862068965517
60,"pure",5,508.620689655172
60,"pure",6,721
60,"rand_ns",1,666.222222222222
60,"rand_ns",2,776.666666666667
60,"rand_ns",3,855.875
60,"rand_ns",4,1053
60,"rand_ns",5,1260.25
60,"rand_ns",6,1710.875
60,"rand_switch",1,672.777777777778
60,"rand_switch",2,878.888888888889
60,"rand_switch",3,1040.66666666667
60,"rand_switch",4,1273.375
60,"rand_switch",5,1502.625
60,"rand_switch",6,1899.875
61,"alt_ns",1,685.7
61,"alt_ns",2,767.1
61,"alt_ns",3,823.8
61,"alt_ns",4,957.5
61,"alt_ns",5,1134.3
61,"alt_ns",6,1451.55555555556
61,"alt_switch",1,794.9
61,"alt_switch",2,891.4
61,"alt_switch",3,953.7
61,"alt_switch",4,1079.4
61,"alt_switch",5,1236
61,"alt_switch",6,1550.88888888889
61,"pure",1,417.78125
61,"pure",2,453.125
61,"pure",3,478.741935483871
61,"pure",4,502.806451612903
61,"pure",5,535.741935483871
61,"pure",6,652.935483870968
61,"rand_ns",1,705.1
61,"rand_ns",2,805.1
61,"rand_ns",3,914.6
61,"rand_ns",4,1025.1
61,"rand_ns",5,1121.44444444444
61,"rand_ns",6,1382.66666666667
61,"rand_switch",1,779.3
61,"rand_switch",2,887.7
61,"rand_switch",3,983.9
61,"rand_switch",4,1080
61,"rand_switch",5,1242.6
61,"rand_switch",6,1543.55555555556
62,"alt_ns",1,860.7
62,"alt_ns",2,987.8
62,"alt_ns",3,1145.55555555556
62,"alt_ns",4,1326.33333333333
62,"alt_ns",5,1489.77777777778
62,"alt_ns",6,1918.11111111111
62,"alt_switch",1,794.2
62,"alt_switch",2,918.1
62,"alt_switch",3,1061.2
62,"alt_switch",4,1236.1
62,"alt_switch",5,1507.3
62,"alt_switch",6,2061.44444444444
62,"pure",1,496.78125
62,"pure",2,537.03125
62,"pure",3,566.8125
62,"pure",4,594.483870967742
62,"pure",5,641.032258064516
62,"pure",6,1015.54838709677
62,"rand_ns",1,899.3
62,"rand_ns",2,1041.8
62,"rand_ns",3,1139.4
62,"rand_ns",4,1284.11111111111
62,"rand_ns",5,1487
62,"rand_ns",6,1880.88888888889
62,"rand_switch",1,909.5
62,"rand_switch",2,1036.1
62,"rand_switch",3,1180.2
62,"rand_switch",4,1327
62,"rand_switch",5,1498.8
62,"rand_switch",6,2016
63,"alt_ns",1,681.3
63,"alt_ns",2,757
63,"alt_ns",3,895.111111111111
63,"alt_ns",4,1036.22222222222
63,"alt_ns",5,1231
63,"alt_ns",6,1668.22222222222
63,"alt_switch",1,707
63,"alt_switch",2,801.5
63,"alt_switch",3,896.1
63,"alt_switch",4,1053
63,"alt_switch",5,1233.11111111111
63,"alt_switch",6,1795.88888888889
63,"pure",1,387.71875
63,"pure",2,463.25
63,"pure",3,502.75
63,"pure",4,541.8125
63,"pure",5,594.354838709677
63,"pure",6,833.483870967742
63,"rand_ns",1,593.3
63,"rand_ns",2,644.777777777778
63,"rand_ns",3,703
63,"rand_ns",4,769
63,"rand_ns",5,876.333333333333
63,"rand_ns",6,1575.66666666667
63,"rand_switch",1,662.4
63,"rand_switch",2,754.3
63,"rand_switch",3,857.111111111111
63,"rand_switch",4,966
63,"rand_switch",5,1146.66666666667
63,"rand_switch",6,1628.88888888889
64,"alt_ns",1,787.9
64,"alt_ns",2,940.8
64,"alt_ns",3,1160.6
64,"alt_ns",4,1328.44444444444
64,"alt_ns",5,1659.66666666667
64,"alt_ns",6,2311.55555555556
64,"alt_switch",1,847.5
64,"alt_switch",2,1022.6
64,"alt_switch",3,1159.44444444444
64,"alt_switch",4,1313.55555555556
64,"alt_switch",5,1523.11111111111
64,"alt_switch",6,2247.55555555556
64,"pure",1,449.53125
64,"pure",2,504.41935483871
64,"pure",3,558.064516129032
64,"pure",4,651.806451612903
64,"pure",5,833.129032258065
64,"pure",6,1557.35483870968
64,"rand_ns",1,742
64,"rand_ns",2,841.5
64,"rand_ns",3,930.5
64,"rand_ns",4,1111
64,"rand_ns",5,1449.55555555556
64,"rand_ns",6,2272.33333333333
64,"rand_switch",1,832.8
64,"rand_switch",2,994.2
64,"rand_switch",3,1143.3
64,"rand_switch",4,1346.55555555556
64,"rand_switch",5,1616.22222222222
64,"rand_switch",6,2386.44444444444
65,"alt_ns",1,880.666666666667
65,"alt_ns",2,1020.22222222222
65,"alt_ns",3,1238.44444444444
65,"alt_ns",4,1437.66666666667
65,"alt_ns",5,1706.55555555556
65,"alt_ns",6,2241.44444444444
65,"alt_switch",1,947.888888888889
65,"alt_switch",2,1127.33333333333
65,"alt_switch",3,1351.77777777778
65,"alt_switch",4,1524.55555555556
65,"alt_switch",5,1758.625
65,"alt_switch",6,2277.5
65,"pure",1,444.032258064516
65,"pure",2,481.161290322581
65,"pure",3,515.8
65,"pure",4,556.5
65,"pure",5,600.233333333333
65,"pure",6,763.033333333333
65,"rand_ns",1,676.333333333333
65,"rand_ns",2,792.777777777778
65,"rand_ns",3,864.555555555556
65,"rand_ns",4,959.777777777778
65,"rand_ns",5,1258
65,"rand_ns",6,1674.25
65,"rand_switch",1,849.222222222222
65,"rand_switch",2,1027.55555555556
65,"rand_switch",3,1114.66666666667
65,"rand_switch",4,1295.55555555556
65,"rand_switch",5,1617.11111111111
65,"rand_switch",6,1961.33333333333
66,"alt_ns",1,627.555555555556
66,"alt_ns",2,776.666666666667
66,"alt_ns",3,969
66,"alt_ns",4,1177.33333333333
66,"alt_ns",5,1372.875
66,"alt_ns",6,1612.125
66,"alt_switch",1,640.666666666667
66,"alt_switch",2,798.125
66,"alt_switch",3,935
66,"alt_switch",4,1030.625
66,"alt_switch",5,1200.5
66,"alt_switch",6,1684.125
66,"pure",1,437.625
66,"pure",2,477.53125
66,"pure",3,505.870967741935
66,"pure",4,534.548387096774
66,"pure",5,571.645161290323
66,"pure",6,710.870967741935
66,"rand_ns",1,664
66,"rand_ns",2,754.333333333333
66,"rand_ns",3,835.555555555556
66,"rand_ns",4,933.888888888889
66,"rand_ns",5,1230.44444444444
66,"rand_ns",6,1616.625
66,"rand_switch",1,833
66,"rand_switch",2,985.111111111111
66,"rand_switch",3,1164.33333333333
66,"rand_switch",4,1344.875
66,"rand_switch",5,1516.5
66,"rand_switch",6,1843
67,"alt_ns",1,779
67,"alt_ns",2,861.7
67,"alt_ns",3,914.3
67,"alt_ns",4,960
67,"alt_ns",5,1029.66666666667
67,"alt_ns",6,1221
67,"alt_switch",1,763.8
67,"alt_switch",2,842.8
67,"alt_switch",3,901.7
67,"alt_switch",4,985.3
67,"alt_switch",5,1134.22222222222
67,"alt_switch",6,1380.22222222222
67,"pure",1,394.5625
67,"pure",2,442.59375
67,"pure",3,470.84375
67,"pure",4,498.6875
67,"pure",5,529.354838709677
67,"pure",6,652.322580645161
67,"rand_ns",1,580.1
67,"rand_ns",2,669.7
67,"rand_ns",3,724.777777777778
67,"rand_ns",4,785.333333333333
67,"rand_ns",5,905.333333333333
67,"rand_ns",6,1288.55555555556
67,"rand_switch",1,686.9
67,"rand_switch",2,766.6
67,"rand_switch",3,861.666666666667
67,"rand_switch",4,950
67,"rand_switch",5,1064.55555555556
67,"rand_switch",6,1347
69,"alt_ns",1,777.2
69,"alt_ns",2,909.9
69,"alt_ns",3,1025.5
69,"alt_ns",4,1195.1
69,"alt_ns",5,1351.5
69,"alt_ns",6,1644.66666666667
69,"alt_switch",1,775.888888888889
69,"alt_switch",2,942.888888888889
69,"alt_switch",3,1051.11111111111
69,"alt_switch",4,1175.66666666667
69,"alt_switch",5,1398.66666666667
69,"alt_switch",6,1770.55555555556
69,"pure",1,409.0625
69,"pure",2,454.645161290323
69,"pure",3,485.032258064516
69,"pure",4,522.612903225806
69,"pure",5,581.354838709677
69,"pure",6,748.193548387097
69,"rand_ns",1,750.7
69,"rand_ns",2,839.9
69,"rand_ns",3,993.2
69,"rand_ns",4,1077.44444444444
69,"rand_ns",5,1199.44444444444
69,"rand_ns",6,1511.22222222222
69,"rand_switch",1,745.7
69,"rand_switch",2,842.3
69,"rand_switch",3,938
69,"rand_switch",4,1043.6
69,"rand_switch",5,1216.2
69,"rand_switch",6,1503.22222222222
70,"alt_ns",1,526.8
70,"alt_ns",2,604.3
70,"alt_ns",3,646.9
70,"alt_ns",4,688.8
70,"alt_ns",5,765.555555555556
70,"alt_ns",6,1233.22222222222
70,"alt_switch",1,619.888888888889
70,"alt_switch",2,769.111111111111
70,"alt_switch",3,914.333333333333
70,"alt_switch",4,1003.33333333333
70,"alt_switch",5,1182.44444444444
70,"alt_switch",6,1489.5
70,"pure",1,364.193548387097
70,"pure",2,419.366666666667
70,"pure",3,459.933333333333
70,"pure",4,505.066666666667
70,"pure",5,563.3
70,"pure",6,783.1
70,"rand_ns",1,564.888888888889
70,"rand_ns",2,670.666666666667
70,"rand_ns",3,708.333333333333
70,"rand_ns",4,746.25
70,"rand_ns",5,813.875
70,"rand_ns",6,1290.625
70,"rand_switch",1,726.444444444444
70,"rand_switch",2,861.111111111111
70,"rand_switch",3,978.777777777778
70,"rand_switch",4,1117.11111111111
70,"rand_switch",5,1296.11111111111
70,"rand_switch",6,1534.77777777778
71,"alt_ns",1,533.777777777778
71,"alt_ns",2,646
71,"alt_ns",3,815
71,"alt_ns",4,1074.875
71,"alt_ns",5,1442.75
71,"alt_ns",6,2928.25
71,"alt_switch",1,542.125
71,"alt_switch",2,675.5
71,"alt_switch",3,829.25
71,"alt_switch",4,1273.375
71,"alt_switch",5,1963.85714285714
71,"alt_switch",6,4160.57142857143
71,"pure",1,562.322580645161
71,"pure",2,651.066666666667
71,"pure",3,712.9
71,"pure",4,874.533333333333
71,"pure",5,1123.93333333333
71,"pure",6,1805.63333333333
71,"rand_ns",1,782.5
71,"rand_ns",2,944.666666666667
71,"rand_ns",3,1023.66666666667
71,"rand_ns",4,1181.55555555556
71,"rand_ns",5,1620
71,"rand_ns",6,2845.77777777778
71,"rand_switch",1,940.6
71,"rand_switch",2,1115.4
71,"rand_switch",3,1292.6
71,"rand_switch",4,1580.5
71,"rand_switch",5,2112.5
71,"rand_switch",6,3687.77777777778
72,"alt_ns",1,695.6
72,"alt_ns",2,932.8
72,"alt_ns",3,1030.2
72,"alt_ns",4,1131.88888888889
72,"alt_ns",5,1228.66666666667
72,"alt_ns",6,1725.11111111111
72,"alt_switch",1,742.6
72,"alt_switch",2,910.111111111111
72,"alt_switch",3,1046.77777777778
72,"alt_switch",4,1214.55555555556
72,"alt_switch",5,1395.66666666667
72,"alt_switch",6,1606.33333333333
72,"pure",1,406.366666666667
72,"pure",2,460.344827586207
72,"pure",3,495.793103448276
72,"pure",4,526.51724137931
72,"pure",5,594.310344827586
72,"pure",6,825.620689655172
72,"rand_ns",1,715.7
72,"rand_ns",2,804.3
72,"rand_ns",3,898.1
72,"rand_ns",4,1011.33333333333
72,"rand_ns",5,1214.77777777778
72,"rand_ns",6,1591.33333333333
72,"rand_switch",1,855.1
72,"rand_switch",2,974
72,"rand_switch",3,1099.77777777778
72,"rand_switch",4,1215.33333333333
72,"rand_switch",5,1445.33333333333
72,"rand_switch",6,1757.55555555556
73,"alt_ns",1,950.8
73,"alt_ns",2,1096.5
73,"alt_ns",3,1221.44444444444
73,"alt_ns",4,1466.77777777778
73,"alt_ns",5,1844.33333333333
73,"alt_ns",6,2080.11111111111
73,"alt_switch",1,892.2
73,"alt_switch",2,1107.8
73,"alt_switch",3,1229
73,"alt_switch",4,1327.66666666667
73,"alt_switch",5,1469.66666666667
73,"alt_switch",6,1802.11111111111
73,"pure",1,603.78125
73,"pure",2,651.5625
73,"pure",3,696.032258064516
73,"pure",4,749.129032258065
73,"pure",5,825.548387096774
73,"pure",6,1157.51612903226
73,"rand_ns",1,802.3
73,"rand_ns",2,969
73,"rand_ns",3,1056.2
73,"rand_ns",4,1216.2
73,"rand_ns",5,1373.44444444444
73,"rand_ns",6,1637.33333333333
73,"rand_switch",1,911.4
73,"rand_switch",2,1010.9
73,"rand_switch",3,1086.1
73,"rand_switch",4,1192.5
73,"rand_switch",5,1413.1
73,"rand_switch",6,1793.9
74,"alt_ns",1,795.555555555556
74,"alt_ns",2,923.444444444444
74,"alt_ns",3,1144.22222222222
74,"alt_ns",4,1355.125
74,"alt_ns",5,1691.125
74,"alt_ns",6,2343
74,"alt_switch",1,929.125
74,"alt_switch",2,1160.375
74,"alt_switch",3,1308.625
74,"alt_switch",4,1441.25
74,"alt_switch",5,1703
74,"alt_switch",6,2378.42857142857
74,"pure",1,486.433333333333
74,"pure",2,556.066666666667
74,"pure",3,592.5
74,"pure",4,635.7
74,"pure",5,686.551724137931
74,"pure",6,929.379310344828
74,"rand_ns",1,818.4
74,"rand_ns",2,957.333333333333
74,"rand_ns",3,1100.22222222222
74,"rand_ns",4,1209.88888888889
74,"rand_ns",5,1395
74,"rand_ns",6,2123.22222222222
74,"rand_switch",1,904
74,"rand_switch",2,1162.33333333333
74,"rand_switch",3,1360.77777777778
74,"rand_switch",4,1628.55555555556
74,"rand_switch",5,1898
74,"rand_switch",6,2478.625
75,"alt_ns",1,1073
75,"alt_ns",2,1399.2
75,"alt_ns",3,1828.9
75,"alt_ns",4,2321
75,"alt_ns",5,2874.8
75,"alt_ns",6,5326.66666666667
75,"alt_switch",1,1255.1
75,"alt_switch",2,1659.2
75,"alt_switch",3,1984.77777777778
75,"alt_switch",4,2453.44444444444
75,"alt_switch",5,3443.88888888889
75,"alt_switch",6,5760.88888888889
75,"pure",1,642.15625
75,"pure",2,725.4375
75,"pure",3,809.6875
75,"pure",4,894.838709677419
75,"pure",5,1165.83870967742
75,"pure",6,2009.90322580645
75,"rand_ns",1,827.333333333333
75,"rand_ns",2,1122.66666666667
75,"rand_ns",3,1349.11111111111
75,"rand_ns",4,1593.66666666667
75,"rand_ns",5,2664.22222222222
75,"rand_ns",6,5463.125
75,"rand_switch",1,1084.1
75,"rand_switch",2,1434.55555555556
75,"rand_switch",3,1617.44444444444
75,"rand_switch",4,1990.33333333333
75,"rand_switch",5,2572.33333333333
75,"rand_switch",6,4876.88888888889
76,"alt_ns",1,999.5
76,"alt_ns",2,1261.125
76,"alt_ns",3,1541
76,"alt_ns",4,1721
76,"alt_ns",5,2048.125
76,"alt_ns",6,3291.125
76,"alt_switch",1,904.333333333333
76,"alt_switch",2,1144.33333333333
76,"alt_switch",3,1382.125
76,"alt_switch",4,1621
76,"alt_switch",5,1889.375
76,"alt_switch",6,2802.125
76,"pure",1,571.259259259259
76,"pure",2,691.925925925926
76,"pure",3,780.111111111111
76,"pure",4,957.851851851852
76,"pure",5,1250.2962962963
76,"pure",6,2615.59259259259
76,"rand_ns",1,1069.33333333333
76,"rand_ns",2,1262
76,"rand_ns",3,1473.25
76,"rand_ns",4,1726.625
76,"rand_ns",5,2143.125
76,"rand_ns",6,3056.375
76,"rand_switch",1,1187.3
76,"rand_switch",2,1388.4
76,"rand_switch",3,1513
76,"rand_switch",4,1728.33333333333
76,"rand_switch",5,2105.33333333333
76,"rand_switch",6,3053.11111111111
77,"alt_ns",1,837.6
77,"alt_ns",2,947.333333333333
77,"alt_ns",3,1136.55555555556
77,"alt_ns",4,1404.33333333333
77,"alt_ns",5,1764.11111111111
77,"alt_ns",6,3034.77777777778
77,"alt_switch",1,977.444444444444
77,"alt_switch",2,1130.11111111111
77,"alt_switch",3,1326.55555555556
77,"alt_switch",4,1484.44444444444
77,"alt_switch",5,1788
77,"alt_switch",6,2463.22222222222
77,"pure",1,462.935483870968
77,"pure",2,522.677419354839
77,"pure",3,549.903225806452
77,"pure",4,593.870967741935
77,"pure",5,675.774193548387
77,"pure",6,1063.77419354839
77,"rand_ns",1,797
77,"rand_ns",2,949.444444444444
77,"rand_ns",3,1089.22222222222
77,"rand_ns",4,1272.22222222222
77,"rand_ns",5,1459
77,"rand_ns",6,2053.55555555556
77,"rand_switch",1,893.6
77,"rand_switch",2,1121.5
77,"rand_switch",3,1312.4
77,"rand_switch",4,1534.88888888889
77,"rand_switch",5,1854.44444444444
77,"rand_switch",6,2865.55555555556
78,"alt_ns",1,717.8
78,"alt_ns",2,855.2
78,"alt_ns",3,974.6
78,"alt_ns",4,1087.22222222222
78,"alt_ns",5,1273.44444444444
78,"alt_ns",6,2022
78,"alt_switch",1,884
78,"alt_switch",2,1058.66666666667
78,"alt_switch",3,1262.44444444444
78,"alt_switch",4,1546.11111111111
78,"alt_switch",5,2027.625
78,"alt_switch",6,2960.25
78,"pure",1,451.903225806452
78,"pure",2,533.161290322581
78,"pure",3,599.451612903226
78,"pure",4,658.096774193548
78,"pure",5,733.566666666667
78,"pure",6,1142.1
78,"rand_ns",1,811.666666666667
78,"rand_ns",2,950.666666666667
78,"rand_ns",3,1116
78,"rand_ns",4,1263.11111111111
78,"rand_ns",5,1533.33333333333
78,"rand_ns",6,2668.11111111111
78,"rand_switch",1,1082.4
78,"rand_switch",2,1367
78,"rand_switch",3,1590.8
78,"rand_switch",4,1770.1
78,"rand_switch",5,2173.1
78,"rand_switch",6,2858.44444444444
80,"alt_ns",1,1053.1
80,"alt_ns",2,1343.2
80,"alt_ns",3,1755
80,"alt_ns",4,2129.4
80,"alt_ns",5,2618
80,"alt_ns",6,4284.33333333333
80,"alt_switch",1,1222.2
80,"alt_switch",2,1447.2
80,"alt_switch",3,1701.8
80,"alt_switch",4,1916.88888888889
80,"alt_switch",5,2299.88888888889
80,"alt_switch",6,3350.22222222222
80,"pure",1,526.59375
80,"pure",2,605.354838709677
80,"pure",3,697.709677419355
80,"pure",4,782.709677419355
80,"pure",5,911.677419354839
80,"pure",6,1624.74193548387
80,"rand_ns",1,959.4
80,"rand_ns",2,1148.22222222222
80,"rand_ns",3,1326.55555555556
80,"rand_ns",4,1756.55555555556
80,"rand_ns",5,2121.44444444444
80,"rand_ns",6,3613.44444444444
80,"rand_switch",1,1223.6
80,"rand_switch",2,1547.9
80,"rand_switch",3,1786.5
80,"rand_switch",4,2115.77777777778
80,"rand_switch",5,2597.33333333333
80,"rand_switch",6,4224.22222222222
81,"alt_ns",1,875.4
81,"alt_ns",2,1132
81,"alt_ns",3,1265.3
81,"alt_ns",4,1376.1
81,"alt_ns",5,1496.2
81,"alt_ns",6,2025.88888888889
81,"alt_switch",1,958.666666666667
81,"alt_switch",2,1143.66666666667
81,"alt_switch",3,1270.22222222222
81,"alt_switch",4,1451.77777777778
81,"alt_switch",5,1720.55555555556
81,"alt_switch",6,2345
81,"pure",1,529.8125
81,"pure",2,620.8125
81,"pure",3,674.0625
81,"pure",4,729.375
81,"pure",5,816.5625
81,"pure",6,1088.96774193548
81,"rand_ns",1,707.4
81,"rand_ns",2,847.5
81,"rand_ns",3,1009.9
81,"rand_ns",4,1122.55555555556
81,"rand_ns",5,1325.77777777778
81,"rand_ns",6,1776.33333333333
81,"rand_switch",1,837.1
81,"rand_switch",2,1009.5
81,"rand_switch",3,1160.9
81,"rand_switch",4,1299
81,"rand_switch",5,1571.8
81,"rand_switch",6,2278.88888888889
82,"alt_ns",1,749.1
82,"alt_ns",2,856.6
82,"alt_ns",3,933.8
82,"alt_ns",4,1041.1
82,"alt_ns",5,1302
82,"alt_ns",6,2001.3
82,"alt_switch",1,964.1
82,"alt_switch",2,1143.3
82,"alt_switch",3,1298
82,"alt_switch",4,1511.66666666667
82,"alt_switch",5,1780.11111111111
82,"alt_switch",6,2341.88888888889
82,"pure",1,427.064516129032
82,"pure",2,484.033333333333
82,"pure",3,532.633333333333
82,"pure",4,577.3
82,"pure",5,664.7
82,"pure",6,998.533333333333
82,"rand_ns",1,746.444444444444
82,"rand_ns",2,917
82,"rand_ns",3,999.222222222222
82,"rand_ns",4,1078.66666666667
82,"rand_ns",5,1284.66666666667
82,"rand_ns",6,1968.55555555556
82,"rand_switch",1,1055.3
82,"rand_switch",2,1291.77777777778
82,"rand_switch",3,1456.55555555556
82,"rand_switch",4,1670.77777777778
82,"rand_switch",5,2098.55555555556
82,"rand_switch",6,2675.11111111111
83,"alt_ns",1,793.6
83,"alt_ns",2,1010.33333333333
83,"alt_ns",3,1212
83,"alt_ns",4,1427.55555555556
83,"alt_ns",5,1689.33333333333
83,"alt_ns",6,2233.22222222222
83,"alt_switch",1,931.4
83,"alt_switch",2,1089.6
83,"alt_switch",3,1245.22222222222
83,"alt_switch",4,1470.66666666667
83,"alt_switch",5,1664.22222222222
83,"alt_switch",6,2053.77777777778
83,"pure",1,437
83,"pure",2,502.548387096774
83,"pure",3,540.387096774194
83,"pure",4,587.161290322581
83,"pure",5,654.677419354839
83,"pure",6,923.967741935484
83,"rand_ns",1,763.444444444444
83,"rand_ns",2,885.555555555556
83,"rand_ns",3,954.333333333333
83,"rand_ns",4,1101.88888888889
83,"rand_ns",5,1309.55555555556
83,"rand_ns",6,1786
83,"rand_switch",1,898
83,"rand_switch",2,1045.6
83,"rand_switch",3,1158.8
83,"rand_switch",4,1296
83,"rand_switch",5,1512
83,"rand_switch",6,2044.11111111111
84,"alt_ns",1,691.6
84,"alt_ns",2,768.9
84,"alt_ns",3,841.7
84,"alt_ns",4,961.9
84,"alt_ns",5,1250.2
84,"alt_ns",6,1954
84,"alt_switch",1,864.6
84,"alt_switch",2,1066
84,"alt_switch",3,1175.2
84,"alt_switch",4,1321.7
84,"alt_switch",5,1554.22222222222
84,"alt_switch",6,2016.66666666667
84,"pure",1,459.1875
84,"pure",2,536.9375
84,"pure",3,592.53125
84,"pure",4,658.903225806452
84,"pure",5,752.870967741935
84,"pure",6,1270.29032258065
84,"rand_ns",1,755.7
84,"rand_ns",2,901.9
84,"rand_ns",3,1001.88888888889
84,"rand_ns",4,1188.66666666667
84,"rand_ns",5,1482.66666666667
84,"rand_ns",6,2093.22222222222
84,"rand_switch",1,1021.9
84,"rand_switch",2,1199.33333333333
84,"rand_switch",3,1373.44444444444
84,"rand_switch",4,1592.55555555556
84,"rand_switch",5,1863.77777777778
84,"rand_switch",6,2385.55555555556
85,"alt_ns",1,967.7
85,"alt_ns",2,1272.9
85,"alt_ns",3,1702.8
85,"alt_ns",4,2012.8
85,"alt_ns",5,2686.66666666667
85,"alt_ns",6,3666.88888888889
85,"alt_switch",1,1224.8
85,"alt_switch",2,1432.9
85,"alt_switch",3,1672.4
85,"alt_switch",4,1889.2
85,"alt_switch",5,2419.77777777778
85,"alt_switch",6,3426.44444444444
85,"pure",1,457.4375
85,"pure",2,559.5625
85,"pure",3,640.41935483871
85,"pure",4,807.967741935484
85,"pure",5,980.225806451613
85,"pure",6,1626.87096774194
85,"rand_ns",1,774
85,"rand_ns",2,911.777777777778
85,"rand_ns",3,1058.44444444444
85,"rand_ns",4,1224.11111111111
85,"rand_ns",5,1720.88888888889
85,"rand_ns",6,2492.55555555556
85,"rand_switch",1,1052.4
85,"rand_switch",2,1227.22222222222
85,"rand_switch",3,1394.33333333333
85,"rand_switch",4,1576
85,"rand_switch",5,1862.11111111111
85,"rand_switch",6,2741.77777777778
86,"alt_ns",1,939.2
86,"alt_ns",2,1105.3
86,"alt_ns",3,1207.22222222222
86,"alt_ns",4,1353.66666666667
86,"alt_ns",5,1528.55555555556
86,"alt_ns",6,1953.66666666667
86,"alt_switch",1,982.6
86,"alt_switch",2,1116.4
86,"alt_switch",3,1202.5
86,"alt_switch",4,1409
86,"alt_switch",5,1683.88888888889
86,"alt_switch",6,2507.66666666667
86,"pure",1,472.96875
86,"pure",2,537.806451612903
86,"pure",3,592.58064516129
86,"pure",4,657.193548387097
86,"pure",5,759.516129032258
86,"pure",6,1058.67741935484
86,"rand_ns",1,796.1
86,"rand_ns",2,990
86,"rand_ns",3,1160.8
86,"rand_ns",4,1343.11111111111
86,"rand_ns",5,1616.88888888889
86,"rand_ns",6,2340.77777777778
86,"rand_switch",1,1058.3
86,"rand_switch",2,1280.4
86,"rand_switch",3,1492.6
86,"rand_switch",4,1743.44444444444
86,"rand_switch",5,2014.66666666667
86,"rand_switch",6,2583.66666666667
87,"alt_ns",1,785.363636363636
87,"alt_ns",2,921.9
87,"alt_ns",3,1090
87,"alt_ns",4,1270.3
87,"alt_ns",5,1536.5
87,"alt_ns",6,2089.9
87,"alt_switch",1,866.3
87,"alt_switch",2,1031.5
87,"alt_switch",3,1147
87,"alt_switch",4,1349.66666666667
87,"alt_switch",5,1629
87,"alt_switch",6,1985.44444444444
87,"pure",1,481.96875
87,"pure",2,532.625
87,"pure",3,574.65625
87,"pure",4,617.28125
87,"pure",5,662.096774193548
87,"pure",6,888.290322580645
87,"rand_ns",1,728.4
87,"rand_ns",2,801.8
87,"rand_ns",3,890.666666666667
87,"rand_ns",4,1242.33333333333
87,"rand_ns",5,1579.33333333333
87,"rand_ns",6,2076.55555555556
87,"rand_switch",1,748.4
87,"rand_switch",2,880.222222222222
87,"rand_switch",3,998.444444444444
87,"rand_switch",4,1166.77777777778
87,"rand_switch",5,1410.22222222222
87,"rand_switch",6,1892.55555555556
88,"alt_ns",1,739.3
88,"alt_ns",2,893.111111111111
88,"alt_ns",3,1041.66666666667
88,"alt_ns",4,1282.66666666667
88,"alt_ns",5,1454
88,"alt_ns",6,2358.77777777778
88,"alt_switch",1,911.5
88,"alt_switch",2,1190.9
88,"alt_switch",3,1435.22222222222
88,"alt_switch",4,1829.88888888889
88,"alt_switch",5,2238.77777777778
88,"alt_switch",6,2916.77777777778
88,"pure",1,449.375
88,"pure",2,521.1875
88,"pure",3,614.161290322581
88,"pure",4,686.354838709677
88,"pure",5,799.193548387097
88,"pure",6,1231
88,"rand_ns",1,728.8
88,"rand_ns",2,946
88,"rand_ns",3,1132.88888888889
88,"rand_ns",4,1382.77777777778
88,"rand_ns",5,1695.88888888889
88,"rand_ns",6,2772.11111111111
88,"rand_switch",1,1317.22222222222
88,"rand_switch",2,1577.33333333333
88,"rand_switch",3,1687.33333333333
88,"rand_switch",4,1840.88888888889
88,"rand_switch",5,2346.55555555556
88,"rand_switch",6,3245.625
89,"alt_ns",1,762.222222222222
89,"alt_ns",2,855.444444444444
89,"alt_ns",3,961.777777777778
89,"alt_ns",4,1193
89,"alt_ns",5,1572.22222222222
89,"alt_ns",6,2629.22222222222
89,"alt_switch",1,842.2
89,"alt_switch",2,1052.88888888889
89,"alt_switch",3,1244.88888888889
89,"alt_switch",4,1357.77777777778
89,"alt_switch",5,1579.88888888889
89,"alt_switch",6,2089.22222222222
89,"pure",1,461.935483870968
89,"pure",2,512.258064516129
89,"pure",3,547.806451612903
89,"pure",4,585.258064516129
89,"pure",5,637.741935483871
89,"pure",6,1063.83870967742
89,"rand_ns",1,711.6
89,"rand_ns",2,834.333333333333
89,"rand_ns",3,925.777777777778
89,"rand_ns",4,1115.88888888889
89,"rand_ns",5,1364.66666666667
89,"rand_ns",6,1976.44444444444
89,"rand_switch",1,859.3
89,"rand_switch",2,1008.1
89,"rand_switch",3,1160.44444444444
89,"rand_switch",4,1345.44444444444
89,"rand_switch",5,1498.22222222222
89,"rand_switch",6,2302.77777777778
90,"alt_ns",1,540
90,"alt_ns",2,655.888888888889
90,"alt_ns",3,719.333333333333
90,"alt_ns",4,764.333333333333
90,"alt_ns",5,861.333333333333
90,"alt_ns",6,1207.11111111111
90,"alt_switch",1,624.555555555556
90,"alt_switch",2,858.333333333333
90,"alt_switch",3,1026
90,"alt_switch",4,1167.22222222222
90,"alt_switch",5,1429
90,"alt_switch",6,1811.44444444444
90,"pure",1,392.741935483871
90,"pure",2,450.451612903226
90,"pure",3,505.096774193548
90,"pure",4,570.4
90,"pure",5,642.566666666667
90,"pure",6,1033.03333333333
90,"rand_ns",1,680.7
90,"rand_ns",2,833.4
90,"rand_ns",3,937.2
90,"rand_ns",4,1074.8
90,"rand_ns",5,1239.88888888889
90,"rand_ns",6,1698.66666666667
90,"rand_switch",1,846
90,"rand_switch",2,1018.2
90,"rand_switch",3,1128.22222222222
90,"rand_switch",4,1265.77777777778
90,"rand_switch",5,1530.22222222222
90,"rand_switch",6,2079.77777777778
91,"alt_ns",1,816.8
91,"alt_ns",2,1017
91,"alt_ns",3,1206.8
91,"alt_ns",4,1396.7
91,"alt_ns",5,1607.2
91,"alt_ns",6,1945.88888888889
91,"alt_switch",1,953.3
91,"alt_switch",2,1181.8
91,"alt_switch",3,1331.88888888889
91,"alt_switch",4,1453.44444444444
91,"alt_switch",5,1601.77777777778
91,"alt_switch",6,1973.55555555556
91,"pure",1,385.21875
91,"pure",2,441.5625
91,"pure",3,476.9375
91,"pure",4,520.5625
91,"pure",5,583.516129032258
91,"pure",6,789.032258064516
91,"rand_ns",1,747.3
91,"rand_ns",2,862.8
91,"rand_ns",3,1007.77777777778
91,"rand_ns",4,1149.88888888889
91,"rand_ns",5,1385
91,"rand_ns",6,1950.44444444444
91,"rand_switch",1,862.1
91,"rand_switch",2,981.2
91,"rand_switch",3,1064.1
91,"rand_switch",4,1211.4
91,"rand_switch",5,1471.2
91,"rand_switch",6,1819.8
92,"alt_ns",1,706.3
92,"alt_ns",2,779.4
92,"alt_ns",3,835.2
92,"alt_ns",4,922.6
92,"alt_ns",5,1090.5
92,"alt_ns",6,1400.66666666667
92,"alt_switch",1,834.4
92,"alt_switch",2,936.7
92,"alt_switch",3,993.8
92,"alt_switch",4,1119.77777777778
92,"alt_switch",5,1330.22222222222
92,"alt_switch",6,1512.77777777778
92,"pure",1,391.548387096774
92,"pure",2,442.032258064516
92,"pure",3,473.8
92,"pure",4,508.2
92,"pure",5,556.433333333333
92,"pure",6,761.333333333333
92,"rand_ns",1,731.3
92,"rand_ns",2,798
92,"rand_ns",3,850.5
92,"rand_ns",4,891.5
92,"rand_ns",5,1041
92,"rand_ns",6,1513.66666666667
92,"rand_switch",1,836
92,"rand_switch",2,945.222222222222
92,"rand_switch",3,1058.66666666667
92,"rand_switch",4,1120.66666666667
92,"rand_switch",5,1291
92,"rand_switch",6,1530.77777777778
93,"alt_ns",1,674.6
93,"alt_ns",2,762.9
93,"alt_ns",3,860.8
93,"alt_ns",4,979.1
93,"alt_ns",5,1169.66666666667
93,"alt_ns",6,1552.11111111111
93,"alt_switch",1,698
93,"alt_switch",2,794.5
93,"alt_switch",3,920.666666666667
93,"alt_switch",4,1036.22222222222
93,"alt_switch",5,1228.88888888889
93,"alt_switch",6,1515.44444444444
93,"pure",1,425.6875
93,"pure",2,482.75
93,"pure",3,518.096774193548
93,"pure",4,551.451612903226
93,"pure",5,600.096774193548
93,"pure",6,749.774193548387
93,"rand_ns",1,601.888888888889
93,"rand_ns",2,712.444444444444
93,"rand_ns",3,891
93,"rand_ns",4,1028
93,"rand_ns",5,1245.33333333333
93,"rand_ns",6,1553.33333333333
93,"rand_switch",1,652.9
93,"rand_switch",2,780.4
93,"rand_switch",3,937.1
93,"rand_switch",4,1089.11111111111
93,"rand_switch",5,1172.22222222222
93,"rand_switch",6,1493.22222222222
94,"alt_ns",1,755.2
94,"alt_ns",2,994.3
94,"alt_ns",3,1273.1
94,"alt_ns",4,1520.9
94,"alt_ns",5,1811.11111111111
94,"alt_ns",6,2807.77777777778
94,"alt_switch",1,927.5
94,"alt_switch",2,1094.7
94,"alt_switch",3,1194
94,"alt_switch",4,1278
94,"alt_switch",5,1456.33333333333
94,"alt_switch",6,2252.44444444444
94,"pure",1,495.290322580645
94,"pure",2,661.806451612903
94,"pure",3,773.064516129032
94,"pure",4,877.58064516129
94,"pure",5,1037.16129032258
94,"pure",6,1926.9
94,"rand_ns",1,805.6
94,"rand_ns",2,998.9
94,"rand_ns",3,1159.7
94,"rand_ns",4,1311.66666666667
94,"rand_ns",5,1623.88888888889
94,"rand_ns",6,2556
94,"rand_switch",1,942.363636363636
94,"rand_switch",2,1150.9
94,"rand_switch",3,1285.8
94,"rand_switch",4,1421.8
94,"rand_switch",5,1658.7
94,"rand_switch",6,2292.1
95,"alt_ns",1,758.888888888889
95,"alt_ns",2,874
95,"alt_ns",3,984.333333333333
95,"alt_ns",4,1224.22222222222
95,"alt_ns",5,1650.77777777778
95,"alt_ns",6,2548.55555555556
95,"alt_switch",1,812.25
95,"alt_switch",2,988.5
95,"alt_switch",3,1104.25
95,"alt_switch",4,1459.5
95,"alt_switch",5,1801
95,"alt_switch",6,2578.71428571429
95,"pure",1,383.233333333333
95,"pure",2,436.1
95,"pure",3,488.466666666667
95,"pure",4,538.033333333333
95,"pure",5,628.655172413793
95,"pure",6,1022.86206896552
95,"rand_ns",1,641.444444444444
95,"rand_ns",2,719.444444444444
95,"rand_ns",3,778.333333333333
95,"rand_ns",4,871.666666666667
95,"rand_ns",5,1478.375
95,"rand_ns",6,2406.25
95,"rand_switch",1,766.777777777778
95,"rand_switch",2,863.333333333333
95,"rand_switch",3,1017.55555555556
95,"rand_switch",4,1212.44444444444
95,"rand_switch",5,1644.55555555556
95,"rand_switch",6,2513.875
97,"alt_ns",1,758.1
97,"alt_ns",2,892.4
97,"alt_ns",3,1057.8
97,"alt_ns",4,1217.2
97,"alt_ns",5,1468.9
97,"alt_ns",6,2007.33333333333
97,"alt_switch",1,803.8
97,"alt_switch",2,945.888888888889
97,"alt_switch",3,1033.22222222222
97,"alt_switch",4,1162.11111111111
97,"alt_switch",5,1342.22222222222
97,"alt_switch",6,1795.33333333333
97,"pure",1,338.354838709677
97,"pure",2,384.290322580645
97,"pure",3,414.838709677419
97,"pure",4,440.483870967742
97,"pure",5,494.838709677419
97,"pure",6,712.483870967742
97,"rand_ns",1,700.4
97,"rand_ns",2,851.9
97,"rand_ns",3,1098.3
97,"rand_ns",4,1234.4
97,"rand_ns",5,1445.66666666667
97,"rand_ns",6,1813.88888888889
97,"rand_switch",1,919.2
97,"rand_switch",2,1040.2
97,"rand_switch",3,1122.9
97,"rand_switch",4,1219.5
97,"rand_switch",5,1392.1
97,"rand_switch",6,1947.77777777778
98,"alt_ns",1,708.6
98,"alt_ns",2,761
98,"alt_ns",3,828.888888888889
98,"alt_ns",4,902.666666666667
98,"alt_ns",5,1004.55555555556
98,"alt_ns",6,1333.22222222222
98,"alt_switch",1,760.777777777778
98,"alt_switch",2,840.444444444444
98,"alt_switch",3,919.444444444444
98,"alt_switch",4,1045
98,"alt_switch",5,1131.33333333333
98,"alt_switch",6,1402.22222222222
98,"pure",1,503.65625
98,"pure",2,553.774193548387
98,"pure",3,578.709677419355
98,"pure",4,619.677419354839
98,"pure",5,672.41935483871
98,"pure",6,854.709677419355
98,"rand_ns",1,695.2
98,"rand_ns",2,774.1
98,"rand_ns",3,855.222222222222
98,"rand_ns",4,932.666666666667
98,"rand_ns",5,1061.55555555556
98,"rand_ns",6,1426.77777777778
98,"rand_switch",1,804.5
98,"rand_switch",2,981.1
98,"rand_switch",3,1089
98,"rand_switch",4,1164.55555555556
98,"rand_switch",5,1307.44444444444
98,"rand_switch",6,1611.55555555556
99,"alt_ns",1,800.5
99,"alt_ns",2,1004.9
99,"alt_ns",3,1151.7
99,"alt_ns",4,1324.3
99,"alt_ns",5,1575.2
99,"alt_ns",6,2499.44444444444
99,"alt_switch",1,1205
99,"alt_switch",2,1449.2
99,"alt_switch",3,1561.4
99,"alt_switch",4,1745.5
99,"alt_switch",5,2014.33333333333
99,"alt_switch",6,2689.55555555556
99,"pure",1,555.1875
99,"pure",2,627.41935483871
99,"pure",3,672.290322580645
99,"pure",4,737.838709677419
99,"pure",5,912.290322580645
99,"pure",6,1734.29032258065
99,"rand_ns",1,1000.1
99,"rand_ns",2,1111.6
99,"rand_ns",3,1227.66666666667
99,"rand_ns",4,1349.77777777778
99,"rand_ns",5,1478.11111111111
99,"rand_ns",6,2063.11111111111
99,"rand_switch",1,1227.3
99,"rand_switch",2,1373.7
99,"rand_switch",3,1542.66666666667
99,"rand_switch",4,1727.88888888889
99,"rand_switch",5,2147.44444444444
99,"rand_switch",6,3010.22222222222
100,"alt_ns",1,656.6
100,"alt_ns",2,761.5
100,"alt_ns",3,816.1
100,"alt_ns",4,944.9
100,"alt_ns",5,1200.22222222222
100,"alt_ns",6,1745.77777777778
100,"alt_switch",1,759.333333333333
100,"alt_switch",2,856.222222222222
100,"alt_switch",3,988
100,"alt_switch",4,1096.66666666667
100,"alt_switch",5,1318.44444444444
100,"alt_switch",6,1627.55555555556
100,"pure",1,421.375
100,"pure",2,461.375
100,"pure",3,489.903225806452
100,"pure",4,525.387096774194
100,"pure",5,577.58064516129
100,"pure",6,796.290322580645
100,"rand_ns",1,676
100,"rand_ns",2,765.5
100,"rand_ns",3,829.3
100,"rand_ns",4,961.2
100,"rand_ns",5,1105.11111111111
100,"rand_ns",6,1481.11111111111
100,"rand_switch",1,854.8
100,"rand_switch",2,1016.5
100,"rand_switch",3,1116.33333333333
100,"rand_switch",4,1306.22222222222
100,"rand_switch",5,1534
100,"rand_switch",6,1849.44444444444
101,"alt_ns",1,738.2
101,"alt_ns",2,853.2
101,"alt_ns",3,960.777777777778
101,"alt_ns",4,1093.44444444444
101,"alt_ns",5,1412.22222222222
101,"alt_ns",6,2060.44444444444
101,"alt_switch",1,828.666666666667
101,"alt_switch",2,990.444444444444
101,"alt_switch",3,1110.22222222222
101,"alt_switch",4,1221.11111111111
101,"alt_switch",5,1503.11111111111
101,"alt_switch",6,2047.44444444444
101,"pure",1,456.258064516129
101,"pure",2,541.516129032258
101,"pure",3,598.903225806452
101,"pure",4,671.967741935484
101,"pure",5,850.645161290323
101,"pure",6,1679.25806451613
101,"rand_ns",1,786.111111111111
101,"rand_ns",2,888.888888888889
101,"rand_ns",3,1009
101,"rand_ns",4,1188
101,"rand_ns",5,1452.22222222222
101,"rand_ns",6,1883.44444444444
101,"rand_switch",1,778.7
101,"rand_switch",2,974.5
101,"rand_switch",3,1058.2
101,"rand_switch",4,1278.8
101,"rand_switch",5,1465
101,"rand_switch",6,1864.55555555556
102,"alt_ns",1,767.666666666667
102,"alt_ns",2,961.777777777778
102,"alt_ns",3,1225.11111111111
102,"alt_ns",4,1418.33333333333
102,"alt_ns",5,1865.88888888889
102,"alt_ns",6,2574.75
102,"alt_switch",1,708.444444444444
102,"alt_switch",2,881
102,"alt_switch",3,986.875
102,"alt_switch",4,1211.375
102,"alt_switch",5,1496.375
102,"alt_switch",6,2547.125
102,"pure",1,369.90625
102,"pure",2,445.838709677419
102,"pure",3,504.193548387097
102,"pure",4,562.161290322581
102,"pure",5,652.354838709677
102,"pure",6,992.193548387097
102,"rand_ns",1,756.555555555556
102,"rand_ns",2,922.333333333333
102,"rand_ns",3,1074.22222222222
102,"rand_ns",4,1271.125
102,"rand_ns",5,1621.625
102,"rand_ns",6,2685.25
102,"rand_switch",1,745.555555555556
102,"rand_switch",2,996
102,"rand_switch",3,1129.33333333333
102,"rand_switch",4,1335.55555555556
102,"rand_switch",5,1562
102,"rand_switch",6,2057.11111111111
