"ID","trial","parameter","Score"
1,"pure","mu",355.999781516107
2,"pure","mu",478.05756153599
3,"pure","mu",426.432866375506
4,"pure","mu",598.266110803032
5,"pure","mu",453.362072179624
6,"pure","mu",596.994410088305
7,"pure","mu",490.18750189785
8,"pure","mu",655.146178503924
9,"pure","mu",412.888241947979
10,"pure","mu",431.609250051203
11,"pure","mu",387.339050541642
12,"pure","mu",461.908742231145
13,"pure","mu",495.7966065809
14,"pure","mu",411.659803131746
16,"pure","mu",493.746849935657
17,"pure","mu",410.498366186191
19,"pure","mu",551.752811435278
20,"pure","mu",597.907842304044
21,"pure","mu",412.317089460677
22,"pure","mu",514.610676937767
23,"pure","mu",421.33920885094
24,"pure","mu",546.813988202128
25,"pure","mu",454.507395316883
26,"pure","mu",429.508432752892
27,"pure","mu",345.870638695293
28,"pure","mu",523.157756859974
29,"pure","mu",413.377370947249
30,"pure","mu",340.009911395648
31,"pure","mu",487.807590834484
34,"pure","mu",479.079865299614
35,"pure","mu",347.338309685574
37,"pure","mu",529.901569520414
38,"pure","mu",448.659373732197
39,"pure","mu",324.067075887448
40,"pure","mu",451.87664629901
43,"pure","mu",410.367378822377
44,"pure","mu",343.15461960216
45,"pure","mu",406.364033927902
46,"pure","mu",391.938890145045
47,"pure","mu",438.954904581259
50,"pure","mu",343.21826275584
51,"pure","mu",436.051813522672
53,"pure","mu",399.352699963106
54,"pure","mu",406.944272221423
55,"pure","mu",456.336753379478
56,"pure","mu",422.941734527006
57,"pure","mu",361.523932996582
58,"pure","mu",448.342171674531
59,"pure","mu",528.171504334132
60,"pure","mu",371.407762247903
61,"pure","mu",435.405766050016
62,"pure","mu",489.624015098251
63,"pure","mu",422.150027646978
64,"pure","mu",425.089272494089
65,"pure","mu",452.51344626032
66,"pure","mu",452.351333545835
67,"pure","mu",423.399401777169
69,"pure","mu",418.129653218395
70,"pure","mu",379.170965983244
71,"pure","mu",534.889263657895
72,"pure","mu",418.72261586057
73,"pure","mu",597.701849859804
74,"pure","mu",515.864044251541
75,"pure","mu",617.444638125661
76,"pure","mu",526.350258200381
77,"pure","mu",465.952920881364
78,"pure","mu",473.039434865603
80,"pure","mu",501.302864001593
81,"pure","mu",566.525084707917
82,"pure","mu",412.34948316872
83,"pure","mu",454.720401922331
84,"pure","mu",458.675387080482
85,"pure","mu",437.015398024114
86,"pure","mu",478.270596766614
87,"pure","mu",498.797570860268
88,"pure","mu",427.310384591956
89,"pure","mu",461.342213640176
90,"pure","mu",384.476329931959
91,"pure","mu",404.224004618383
92,"pure","mu",407.211278869605
93,"pure","mu",454.80180188919
94,"pure","mu",518.958741759207
95,"pure","mu",371.496545709945
97,"pure","mu",346.348578260066
98,"pure","mu",518.461236693197
99,"pure","mu",536.799269223314
100,"pure","mu",422.120616458379
101,"pure","mu",439.625494241279
102,"pure","mu",384.109309308981
1,"pure","sigma",0.0000524999365632493
2,"pure","sigma",52.747276346104
3,"pure","sigma",56.6421535112803
4,"pure","sigma",46.397254756129
5,"pure","sigma",25.5293593463593
6,"pure","sigma",47.1122344291288
7,"pure","sigma",54.634791853771
8,"pure","sigma",77.4628817187357
9,"pure","sigma",34.4771361649799
10,"pure","sigma",82.1382250777714
11,"pure","sigma",19.3563058639177
12,"pure","sigma",31.2443912147282
13,"pure","sigma",27.007759954862
14,"pure","sigma",30.2453160982104
16,"pure","sigma",37.3908768300995
17,"pure","sigma",43.6867892083752
19,"pure","sigma",56.3213854607744
20,"pure","sigma",74.3443152456413
21,"pure","sigma",43.3868020719701
22,"pure","sigma",47.5658454064314
23,"pure","sigma",19.4297761226713
24,"pure","sigma",52.7643181849837
25,"pure","sigma",42.4761313992447
26,"pure","sigma",47.8440671519724
27,"pure","sigma",0.0503502287833466
28,"pure","sigma",49.4804334153555
29,"pure","sigma",43.4026917075093
30,"pure","sigma",40.4396519524321
31,"pure","sigma",25.5905525320333
34,"pure","sigma",38.1207696319529
35,"pure","sigma",37.481391604529
37,"pure","sigma",41.7927053716506
38,"pure","sigma",39.3966242141608
39,"pure","sigma",32.2249223350665
40,"pure","sigma",43.9265683027808
43,"pure","sigma",35.7022048402406
44,"pure","sigma",26.3851830096309
45,"pure","sigma",35.6091057329724
46,"pure","sigma",32.2426331652239
47,"pure","sigma",58.3501253439442
50,"pure","sigma",37.096877023848
51,"pure","sigma",42.6313377387991
53,"pure","sigma",46.3920371110329
54,"pure","sigma",41.8426803363889
55,"pure","sigma",54.2733946060139
56,"pure","sigma",45.4414130000396
57,"pure","sigma",40.3369405956372
58,"pure","sigma",43.8308700405779
59,"pure","sigma",46.993146443066
60,"pure","sigma",36.4883781377474
61,"pure","sigma",35.4042744545769
62,"pure","sigma",18.4963322591847
63,"pure","sigma",60.4379525523704
64,"pure","sigma",22.4950032090896
65,"pure","sigma",34.101768007601
66,"pure","sigma",33.262564898424
67,"pure","sigma",42.4456678805532
69,"pure","sigma",33.2619542956162
70,"pure","sigma",44.7677064314334
71,"pure","sigma",43.4826254227175
72,"pure","sigma",41.0620559991093
73,"pure","sigma",29.2930634423601
74,"pure","sigma",58.6363002682477
75,"pure","sigma",56.5830858712771
76,"pure","sigma",47.9843047452068
77,"pure","sigma",41.7572024936764
78,"pure","sigma",68.937526227188
80,"pure","sigma",33.1277036007881
81,"pure","sigma",69.8808007252753
82,"pure","sigma",17.8880653632089
83,"pure","sigma",52.1086045533678
84,"pure","sigma",48.9080388633146
85,"pure","sigma",51.5623759167441
86,"pure","sigma",49.5777734220311
87,"pure","sigma",46.4649241957734
88,"pure","sigma",24.0653312661958
89,"pure","sigma",36.2327087870282
90,"pure","sigma",31.0084197176238
91,"pure","sigma",48.6908763075886
92,"pure","sigma",42.1329870528322
93,"pure","sigma",48.4797936993714
94,"pure","sigma",109.273760325373
95,"pure","sigma",24.4091330256204
97,"pure","sigma",31.2164168934212
98,"pure","sigma",40.9328941852618
99,"pure","sigma",46.0677029068885
100,"pure","sigma",24.9022569582937
101,"pure","sigma",50.5717279267093
102,"pure","sigma",57.8552228060258
1,"pure","tau",487.516544764601
2,"pure","tau",155.208127848197
3,"pure","tau",209.054208530343
4,"pure","tau",202.959272121017
5,"pure","tau",264.801258589128
6,"pure","tau",332.741190303312
7,"pure","tau",258.141765994686
8,"pure","tau",188.129833815582
9,"pure","tau",121.054819907958
10,"pure","tau",796.243932340247
11,"pure","tau",270.490556503621
12,"pure","tau",161.160783113744
13,"pure","tau",231.908667798457
14,"pure","tau",394.321854810066
16,"pure","tau",483.19555001544
17,"pure","tau",135.252829814734
19,"pure","tau",193.203979520772
20,"pure","tau",229.227134484738
21,"pure","tau",83.2630182527183
22,"pure","tau",183.990526881929
23,"pure","tau",149.987454577809
24,"pure","tau",143.036654446849
25,"pure","tau",96.8190185704458
26,"pure","tau",198.259842546342
27,"pure","tau",568.679736440031
28,"pure","tau",155.274141837636
29,"pure","tau",183.681486857585
30,"pure","tau",345.453907862718
31,"pure","tau",144.382237586214
34,"pure","tau",156.752960475109
35,"pure","tau",79.6160676454427
37,"pure","tau",437.399171838351
38,"pure","tau",112.062810709998
39,"pure","tau",111.215583555034
40,"pure","tau",110.213751795552
43,"pure","tau",179.389722809543
44,"pure","tau",422.048357128826
45,"pure","tau",147.994933846306
46,"pure","tau",212.93670985401
47,"pure","tau",245.140186619218
50,"pure","tau",177.624800774196
51,"pure","tau",110.992501825156
53,"pure","tau",117.481883968028
54,"pure","tau",157.164754822278
55,"pure","tau",394.057011792778
56,"pure","tau",258.900502864014
57,"pure","tau",127.119515703004
58,"pure","tau",455.866676280963
59,"pure","tau",204.227524675171
60,"pure","tau",111.865724698581
61,"pure","tau",70.6885224749435
62,"pure","tau",150.621446879053
63,"pure","tau",130.083136202471
64,"pure","tau",332.168938791874
65,"pure","tau",106.547939302136
66,"pure","tau",86.4332041944728
67,"pure","tau",73.6701053653223
69,"pure","tau",114.685190013002
70,"pure","tau",135.834519838893
71,"pure","tau",417.879889487922
72,"pure","tau",131.981737129384
73,"pure","tau",181.306310206879
74,"pure","tau",130.113822628392
75,"pure","tau",418.782196831948
76,"pure","tau",618.113794078791
77,"pure","tau",178.842815636137
78,"pure","tau",210.629918183176
80,"pure","tau",355.100056224002
81,"pure","tau",175.0057554278
82,"pure","tau",200.666858782691
83,"pure","tau",151.999122072287
84,"pure","tau",250.235264730282
85,"pure","tau",404.731224896675
86,"pure","tau",200.401319861896
87,"pure","tau",125.787782724686
88,"pure","tau",287.097963281192
89,"pure","tau",173.422594388753
90,"pure","tau",212.098333428093
91,"pure","tau",126.994109352448
92,"pure","tau",113.859998132771
93,"pure","tau",98.7754952131558
94,"pure","tau",437.696836919855
95,"pure","tau",208.627294541553
97,"pure","tau",117.863439590107
98,"pure","tau",111.414783856272
99,"pure","tau",334.713018796561
100,"pure","tau",122.084155549671
101,"pure","tau",360.052531696333
102,"pure","tau",202.483800932707
1,"alt_ns","mu",683.938500601191
2,"alt_ns","mu",683.282894385305
3,"alt_ns","mu",742.539244415872
4,"alt_ns","mu",1134.43290961474
5,"alt_ns","mu",515.452295596353
6,"alt_ns","mu",739.99782282245
7,"alt_ns","mu",928.968442377468
8,"alt_ns","mu",921.464932874536
9,"alt_ns","mu",741.46559300567
10,"alt_ns","mu",1072.03372626511
11,"alt_ns","mu",665.771772071004
12,"alt_ns","mu",681.444871196721
13,"alt_ns","mu",823.783180425529
14,"alt_ns","mu",716.556799975343
16,"alt_ns","mu",1171.02155595437
17,"alt_ns","mu",782.595724110442
19,"alt_ns","mu",1017.70873425231
20,"alt_ns","mu",845.084457050126
21,"alt_ns","mu",514.873827016066
22,"alt_ns","mu",852.769297616017
23,"alt_ns","mu",473.486506169809
24,"alt_ns","mu",751.991324754817
25,"alt_ns","mu",815.559066355466
26,"alt_ns","mu",639.833538629192
27,"alt_ns","mu",725.999245151282
28,"alt_ns","mu",945.821263233556
29,"alt_ns","mu",702.268855293412
30,"alt_ns","mu",994.185094104024
31,"alt_ns","mu",1092.48848332901
34,"alt_ns","mu",746.728540959167
35,"alt_ns","mu",887.625367064584
37,"alt_ns","mu",1015.64950140845
38,"alt_ns","mu",776.071291050659
39,"alt_ns","mu",731.680965788515
40,"alt_ns","mu",738.046698874808
43,"alt_ns","mu",795.21013172161
44,"alt_ns","mu",512.715713154611
45,"alt_ns","mu",720.566791290419
46,"alt_ns","mu",715.992478068199
47,"alt_ns","mu",728.645515242038
50,"alt_ns","mu",569.999600759779
51,"alt_ns","mu",720.021273531213
53,"alt_ns","mu",688.999600876798
54,"alt_ns","mu",939.84386449008
55,"alt_ns","mu",935.102265062256
56,"alt_ns","mu",728.995380730586
57,"alt_ns","mu",627.783088584964
58,"alt_ns","mu",647.999175405064
59,"alt_ns","mu",736.24779211983
60,"alt_ns","mu",805.511536639242
61,"alt_ns","mu",680.333938000133
62,"alt_ns","mu",866.574313308965
63,"alt_ns","mu",650.826275371254
64,"alt_ns","mu",736.116748563374
65,"alt_ns","mu",863.169905426592
66,"alt_ns","mu",956.375174041692
67,"alt_ns","mu",828.85071574193
69,"alt_ns","mu",823.947938722763
70,"alt_ns","mu",536.186731979359
71,"alt_ns","mu",467.58974293829
72,"alt_ns","mu",865.919005691843
73,"alt_ns","mu",941.402627822402
74,"alt_ns","mu",749.999364063505
75,"alt_ns","mu",906.999968195485
76,"alt_ns","mu",950.393909387241
77,"alt_ns","mu",765.999517073311
78,"alt_ns","mu",710.589245137142
80,"alt_ns","mu",965.730577702662
81,"alt_ns","mu",1051.40264763708
82,"alt_ns","mu",728.047190412141
83,"alt_ns","mu",848.432088360117
84,"alt_ns","mu",656.999856217584
85,"alt_ns","mu",870.997748279753
86,"alt_ns","mu",1003.0367033813
87,"alt_ns","mu",745.584402293272
88,"alt_ns","mu",715.145022456695
89,"alt_ns","mu",715.988108205142
90,"alt_ns","mu",589.011124057255
91,"alt_ns","mu",1118.60797093406
92,"alt_ns","mu",703.795654014064
93,"alt_ns","mu",651.720900042243
94,"alt_ns","mu",776.622233546385
95,"alt_ns","mu",715.275693821085
97,"alt_ns","mu",756.331949668647
98,"alt_ns","mu",685.732461271848
99,"alt_ns","mu",827.207386945893
100,"alt_ns","mu",646.07657204589
101,"alt_ns","mu",713.546612527829
102,"alt_ns","mu",679.999277410078
1,"alt_ns","sigma",73.1686405923633
2,"alt_ns","sigma",12.6815409804175
3,"alt_ns","sigma",67.556041627136
4,"alt_ns","sigma",98.976318265612
5,"alt_ns","sigma",69.435070501143
6,"alt_ns","sigma",0.000556499580540718
7,"alt_ns","sigma",72.1951149321091
8,"alt_ns","sigma",71.883499185133
9,"alt_ns","sigma",40.5186666303684
10,"alt_ns","sigma",367.770576408628
11,"alt_ns","sigma",27.1203126280847
12,"alt_ns","sigma",25.5549852002838
13,"alt_ns","sigma",16.6305486286138
14,"alt_ns","sigma",67.5664113705805
16,"alt_ns","sigma",243.071207322881
17,"alt_ns","sigma",78.5895403034778
19,"alt_ns","sigma",279.381002149286
20,"alt_ns","sigma",67.6644691484602
21,"alt_ns","sigma",63.1593279233267
22,"alt_ns","sigma",63.7452447629766
23,"alt_ns","sigma",71.6904721503415
24,"alt_ns","sigma",0.00225813265327516
25,"alt_ns","sigma",54.0476229044688
26,"alt_ns","sigma",41.435444723202
27,"alt_ns","sigma",0.000176576769410876
28,"alt_ns","sigma",151.238352961859
29,"alt_ns","sigma",16.7645914778166
30,"alt_ns","sigma",246.549617617946
31,"alt_ns","sigma",238.495478791191
34,"alt_ns","sigma",90.4297156312634
35,"alt_ns","sigma",152.404327553195
37,"alt_ns","sigma",96.474810557067
38,"alt_ns","sigma",28.8941542684198
39,"alt_ns","sigma",109.749359274509
40,"alt_ns","sigma",29.3729937698361
43,"alt_ns","sigma",90.7927333978513
44,"alt_ns","sigma",375.830768137603
45,"alt_ns","sigma",70.9061284859703
46,"alt_ns","sigma",0.00187454215438714
47,"alt_ns","sigma",47.9262997467919
50,"alt_ns","sigma",0.0000879433269322499
51,"alt_ns","sigma",52.9580437559286
53,"alt_ns","sigma",0.000089940930535466
54,"alt_ns","sigma",252.034691382421
55,"alt_ns","sigma",138.093685812493
56,"alt_ns","sigma",0.00114128172371863
57,"alt_ns","sigma",59.0757579730579
58,"alt_ns","sigma",0.000201100755064051
59,"alt_ns","sigma",44.8295999852093
60,"alt_ns","sigma",106.70774574409
61,"alt_ns","sigma",52.3146999982788
62,"alt_ns","sigma",101.271987630348
63,"alt_ns","sigma",33.4539199273167
64,"alt_ns","sigma",29.5556101464658
65,"alt_ns","sigma",93.8583359825693
66,"alt_ns","sigma",321.371690256216
67,"alt_ns","sigma",75.3451351663405
69,"alt_ns","sigma",113.817729870617
70,"alt_ns","sigma",51.4263938210526
71,"alt_ns","sigma",53.3832018557521
72,"alt_ns","sigma",232.623695968787
73,"alt_ns","sigma",99.1177453201863
74,"alt_ns","sigma",0.000144931211433396
75,"alt_ns","sigma",0.00000559039163774426
76,"alt_ns","sigma",89.8267123182961
77,"alt_ns","sigma",0.000100863928783657
78,"alt_ns","sigma",76.7015451434714
80,"alt_ns","sigma",115.326652409314
81,"alt_ns","sigma",208.9366885879
82,"alt_ns","sigma",54.692550476346
83,"alt_ns","sigma",171.343283637797
84,"alt_ns","sigma",0.0000294958810605085
85,"alt_ns","sigma",0.000540169760645123
86,"alt_ns","sigma",146.178209985134
87,"alt_ns","sigma",58.9999342888838
88,"alt_ns","sigma",96.8881484304696
89,"alt_ns","sigma",32.2424554300878
90,"alt_ns","sigma",93.7948995300726
91,"alt_ns","sigma",320.878096650378
92,"alt_ns","sigma",46.3062768609088
93,"alt_ns","sigma",35.8199316711513
94,"alt_ns","sigma",176.136414042927
95,"alt_ns","sigma",51.1176580375396
97,"alt_ns","sigma",96.2799731116752
98,"alt_ns","sigma",10.7682236003634
99,"alt_ns","sigma",134.805227945495
100,"alt_ns","sigma",56.1032439901447
101,"alt_ns","sigma",66.2314576879499
102,"alt_ns","sigma",0.000155629760524801
1,"alt_ns","tau",923.380612617066
2,"alt_ns","tau",199.818724298609
3,"alt_ns","tau",765.511090935286
4,"alt_ns","tau",575.175359818636
5,"alt_ns","tau",615.231473232629
6,"alt_ns","tau",533.472551547462
7,"alt_ns","tau",785.916227011563
8,"alt_ns","tau",536.678937360951
9,"alt_ns","tau",302.887660944332
10,"alt_ns","tau",1304.56972136475
11,"alt_ns","tau",423.631594806704
12,"alt_ns","tau",386.668687589305
13,"alt_ns","tau",769.06134181938
14,"alt_ns","tau",706.035324133851
16,"alt_ns","tau",1194.968561598
17,"alt_ns","tau",949.60682427121
19,"alt_ns","tau",314.458381578982
20,"alt_ns","tau",492.464966425268
21,"alt_ns","tau",297.244461957452
22,"alt_ns","tau",549.53215338905
23,"alt_ns","tau",376.026678810128
24,"alt_ns","tau",1051.86346777927
25,"alt_ns","tau",327.336193467013
26,"alt_ns","tau",306.285301183896
27,"alt_ns","tau",786.4981153321
28,"alt_ns","tau",388.313736902876
29,"alt_ns","tau",436.728769172372
30,"alt_ns","tau",845.031756959284
31,"alt_ns","tau",255.472618523267
34,"alt_ns","tau",434.467474759351
35,"alt_ns","tau",246.529509159924
37,"alt_ns","tau",1169.41771024185
38,"alt_ns","tau",522.662560671863
39,"alt_ns","tau",326.525429027287
40,"alt_ns","tau",350.801729092169
43,"alt_ns","tau",542.450644839462
44,"alt_ns","tau",1033.11581350099
45,"alt_ns","tau",279.650791917001
46,"alt_ns","tau",723.518327737507
47,"alt_ns","tau",660.601767942067
50,"alt_ns","tau",436.268037676398
51,"alt_ns","tau",334.737024015548
53,"alt_ns","tau",416.277187071326
54,"alt_ns","tau",343.283853303613
55,"alt_ns","tau",1018.64297390734
56,"alt_ns","tau",874.307455000199
57,"alt_ns","tau",217.283366209502
58,"alt_ns","tau",695.393231532105
59,"alt_ns","tau",536.701801390596
60,"alt_ns","tau",203.427245548446
61,"alt_ns","tau",281.409848926919
62,"alt_ns","tau",408.469498525826
63,"alt_ns","tau",382.342850941009
64,"alt_ns","tau",607.335873399442
65,"alt_ns","tau",557.92569703356
66,"alt_ns","tau",117.428207303095
67,"alt_ns","tau",126.441678884976
69,"alt_ns","tau",318.391636376207
70,"alt_ns","tau",199.215621294944
71,"alt_ns","tau",758.022256568027
72,"alt_ns","tau",247.619689163922
73,"alt_ns","tau",486.763495618899
74,"alt_ns","tau",600.922901043422
75,"alt_ns","tau",1515.09640198168
76,"alt_ns","tau",859.745696493558
77,"alt_ns","tau",742.522989570518
78,"alt_ns","tau",428.296807842088
80,"alt_ns","tau",1195.71247654337
81,"alt_ns","tau",299.130717641235
82,"alt_ns","tau",419.275981895923
83,"alt_ns","tau",535.090465476377
84,"alt_ns","tau",406.184289806897
85,"alt_ns","tau",1142.18221085122
86,"alt_ns","tau",333.263869081688
87,"alt_ns","tau",528.599356127312
88,"alt_ns","tau",569.792787496623
89,"alt_ns","tau",612.894770932514
90,"alt_ns","tau",197.773510359392
91,"alt_ns","tau",202.794861843511
92,"alt_ns","tau",244.445566408132
93,"alt_ns","tau",335.784163340187
94,"alt_ns","tau",723.304067645862
95,"alt_ns","tau",624.902406226374
97,"alt_ns","tau",464.483249491176
98,"alt_ns","tau",230.733258438632
99,"alt_ns","tau",546.664566643051
100,"alt_ns","tau",359.201686754626
101,"alt_ns","tau",459.011776920234
102,"alt_ns","tau",768.531750975782
1,"alt_switch","mu",919.831613475272
2,"alt_switch","mu",736.89519718857
3,"alt_switch","mu",1074.01630626862
4,"alt_switch","mu",1241.11858307796
5,"alt_switch","mu",797.14710022194
6,"alt_switch","mu",1035.3584020189
7,"alt_switch","mu",919.047089395594
8,"alt_switch","mu",981.070388762392
9,"alt_switch","mu",735.999809897535
10,"alt_switch","mu",1138.02988113803
11,"alt_switch","mu",778.234149657524
12,"alt_switch","mu",737.3589546204
13,"alt_switch","mu",895.708544761818
14,"alt_switch","mu",664.239676497445
16,"alt_switch","mu",1390.8465766066
17,"alt_switch","mu",1284.82186089403
19,"alt_switch","mu",1046.4152893965
20,"alt_switch","mu",1235.70223028005
21,"alt_switch","mu",559.819222503221
22,"alt_switch","mu",1205.20878260213
23,"alt_switch","mu",569.999437302682
24,"alt_switch","mu",1139.92936850655
25,"alt_switch","mu",942.822703845437
26,"alt_switch","mu",729.520001196265
27,"alt_switch","mu",798.630271257463
28,"alt_switch","mu",1144.11471731228
29,"alt_switch","mu",708.97688046239
30,"alt_switch","mu",928.417472718269
31,"alt_switch","mu",1038.47903409194
34,"alt_switch","mu",835.279591071894
35,"alt_switch","mu",823.023339094656
37,"alt_switch","mu",900.993757899927
38,"alt_switch","mu",840.031034338955
39,"alt_switch","mu",985.182662111673
40,"alt_switch","mu",814.284331534716
43,"alt_switch","mu",977.546045955418
44,"alt_switch","mu",471.043045290911
45,"alt_switch","mu",840.858222930591
46,"alt_switch","mu",1336.64690184054
47,"alt_switch","mu",837.562547790091
50,"alt_switch","mu",616.019162794843
51,"alt_switch","mu",1087.09669703237
53,"alt_switch","mu",785.083764901706
54,"alt_switch","mu",829.644225063368
55,"alt_switch","mu",1322.46457696319
56,"alt_switch","mu",820.999637375019
57,"alt_switch","mu",659.34021352914
58,"alt_switch","mu",894.588631424513
59,"alt_switch","mu",1006.16700269744
60,"alt_switch","mu",729.562084018331
61,"alt_switch","mu",804.773299094085
62,"alt_switch","mu",759.0722145164
63,"alt_switch","mu",657.999765851158
64,"alt_switch","mu",868.956538464379
65,"alt_switch","mu",1030.77025735454
66,"alt_switch","mu",708.946755844197
67,"alt_switch","mu",765.280788313175
69,"alt_switch","mu",841.991216698206
70,"alt_switch","mu",733.02979897469
71,"alt_switch","mu",456.997417323852
72,"alt_switch","mu",1003.93096728792
73,"alt_switch","mu",1059.25219265963
74,"alt_switch","mu",1020.25870228093
75,"alt_switch","mu",1082.99965132192
76,"alt_switch","mu",860.626830149562
77,"alt_switch","mu",966.077881895078
78,"alt_switch","mu",820.470967282554
80,"alt_switch","mu",1208.81661552336
81,"alt_switch","mu",981.194798291833
82,"alt_switch","mu",980.171820465216
83,"alt_switch","mu",929.76618758269
84,"alt_switch","mu",953.293725557266
85,"alt_switch","mu",1202.95340016738
86,"alt_switch","mu",964.136501436536
87,"alt_switch","mu",888.080688574517
88,"alt_switch","mu",907.6199828789
89,"alt_switch","mu",965.303742554721
90,"alt_switch","mu",804.799324296136
91,"alt_switch","mu",1142.80511040908
92,"alt_switch","mu",841.773416212141
93,"alt_switch","mu",676.170799031321
94,"alt_switch","mu",963.73361361884
95,"alt_switch","mu",782.743368754541
97,"alt_switch","mu",842.132631543228
98,"alt_switch","mu",757.783838100424
99,"alt_switch","mu",1285.54377853697
100,"alt_switch","mu",748.78532382892
101,"alt_switch","mu",856.431137926051
102,"alt_switch","mu",645.483777640533
1,"alt_switch","sigma",204.764751452292
2,"alt_switch","sigma",56.1459967916336
3,"alt_switch","sigma",290.638039892082
4,"alt_switch","sigma",131.559651339439
5,"alt_switch","sigma",166.696024582011
6,"alt_switch","sigma",51.4250242504997
7,"alt_switch","sigma",119.955782144712
8,"alt_switch","sigma",38.7042754844413
9,"alt_switch","sigma",0.0000413825640659746
10,"alt_switch","sigma",175.806400568451
11,"alt_switch","sigma",53.5415020862366
12,"alt_switch","sigma",49.9297888401697
13,"alt_switch","sigma",65.9958970819901
14,"alt_switch","sigma",29.39275028219
16,"alt_switch","sigma",251.859855667916
17,"alt_switch","sigma",250.069468941731
19,"alt_switch","sigma",215.881248814026
20,"alt_switch","sigma",256.269489669149
21,"alt_switch","sigma",47.7335232472613
22,"alt_switch","sigma",234.178302438219
23,"alt_switch","sigma",0.000125808425518618
24,"alt_switch","sigma",127.312614313823
25,"alt_switch","sigma",96.8713771964492
26,"alt_switch","sigma",73.9930835160652
27,"alt_switch","sigma",63.1017279012705
28,"alt_switch","sigma",191.255176712553
29,"alt_switch","sigma",44.4427252654099
30,"alt_switch","sigma",66.9984678257721
31,"alt_switch","sigma",150.514539835906
34,"alt_switch","sigma",18.8851772635596
35,"alt_switch","sigma",70.4877378714515
37,"alt_switch","sigma",0.00158106925942949
38,"alt_switch","sigma",118.317829704535
39,"alt_switch","sigma",258.821588002078
40,"alt_switch","sigma",23.5497656610634
43,"alt_switch","sigma",180.043966691228
44,"alt_switch","sigma",455.771283772789
45,"alt_switch","sigma",102.90243952379
46,"alt_switch","sigma",386.66404772365
47,"alt_switch","sigma",20.4437636646342
50,"alt_switch","sigma",60.39186228428
51,"alt_switch","sigma",250.50815525365
53,"alt_switch","sigma",121.574263178902
54,"alt_switch","sigma",129.176674519579
55,"alt_switch","sigma",139.726972369609
56,"alt_switch","sigma",0.00007576548217543
57,"alt_switch","sigma",40.7265894959535
58,"alt_switch","sigma",241.055398221449
59,"alt_switch","sigma",154.124042120755
60,"alt_switch","sigma",58.892147511214
61,"alt_switch","sigma",68.1238353610766
62,"alt_switch","sigma",44.773769681956
63,"alt_switch","sigma",0.0000546383559383535
64,"alt_switch","sigma",124.685701219868
65,"alt_switch","sigma",188.920420245745
66,"alt_switch","sigma",147.507135045745
67,"alt_switch","sigma",45.0645001828706
69,"alt_switch","sigma",133.140658160672
70,"alt_switch","sigma",164.223394665692
71,"alt_switch","sigma",0.000613403982573982
72,"alt_switch","sigma",268.030678952211
73,"alt_switch","sigma",191.952837770302
74,"alt_switch","sigma",178.773590240401
75,"alt_switch","sigma",0.0000637113226735857
76,"alt_switch","sigma",94.6818520890774
77,"alt_switch","sigma",103.982001921761
78,"alt_switch","sigma",35.4310361949653
80,"alt_switch","sigma",144.971153212007
81,"alt_switch","sigma",114.234417727781
82,"alt_switch","sigma",131.126050427373
83,"alt_switch","sigma",95.5594134094532
84,"alt_switch","sigma",167.132276803291
85,"alt_switch","sigma",141.871151252601
86,"alt_switch","sigma",85.9722299908886
87,"alt_switch","sigma",118.727272410804
88,"alt_switch","sigma",164.713453034495
89,"alt_switch","sigma",208.002684605793
90,"alt_switch","sigma",238.824911428886
91,"alt_switch","sigma",224.232988376474
92,"alt_switch","sigma",60.9455329366198
93,"alt_switch","sigma",43.973164031267
94,"alt_switch","sigma",139.334449404469
95,"alt_switch","sigma",89.8895010483205
97,"alt_switch","sigma",123.503543783227
98,"alt_switch","sigma",44.3911348657816
99,"alt_switch","sigma",180.13149710778
100,"alt_switch","sigma",55.2263040727612
101,"alt_switch","sigma",110.884552719311
102,"alt_switch","sigma",27.2867479494466
1,"alt_switch","tau",689.284841399367
2,"alt_switch","tau",192.08745148603
3,"alt_switch","tau",401.15898623837
4,"alt_switch","tau",527.535851671915
5,"alt_switch","tau",410.174640423073
6,"alt_switch","tau",552.953699856127
7,"alt_switch","tau",745.911338809305
8,"alt_switch","tau",498.424173328384
9,"alt_switch","tau",399.359887034086
10,"alt_switch","tau",1012.1627157514
11,"alt_switch","tau",382.584892314245
12,"alt_switch","tau",390.203564545777
13,"alt_switch","tau",769.836299262535
14,"alt_switch","tau",810.852508577107
16,"alt_switch","tau",869.710460164034
17,"alt_switch","tau",654.679708100952
19,"alt_switch","tau",242.814613674748
20,"alt_switch","tau",265.928129161456
21,"alt_switch","tau",371.710276781926
22,"alt_switch","tau",546.790980427833
23,"alt_switch","tau",600.457582550273
24,"alt_switch","tau",795.824200522565
25,"alt_switch","tau",292.116732016055
26,"alt_switch","tau",444.466073096643
27,"alt_switch","tau",536.595444067508
28,"alt_switch","tau",291.891502389411
29,"alt_switch","tau",445.044091102051
30,"alt_switch","tau",812.611472261653
31,"alt_switch","tau",373.642269554908
34,"alt_switch","tau",519.691920532902
35,"alt_switch","tau",388.441431895772
37,"alt_switch","tau",899.742808203771
38,"alt_switch","tau",525.936800114295
39,"alt_switch","tau",173.902284183295
40,"alt_switch","tau",325.438908572539
43,"alt_switch","tau",351.743699511466
44,"alt_switch","tau",1089.86703968151
45,"alt_switch","tau",123.25388544986
46,"alt_switch","tau",125.813223546886
47,"alt_switch","tau",508.76159157249
50,"alt_switch","tau",384.273835385965
51,"alt_switch","tau",362.811897148013
53,"alt_switch","tau",464.687072321588
54,"alt_switch","tau",415.891364571929
55,"alt_switch","tau",1068.27586506467
56,"alt_switch","tau",609.844032913161
57,"alt_switch","tau",333.27321939527
58,"alt_switch","tau",1163.60943661299
59,"alt_switch","tau",606.148143155397
60,"alt_switch","tau",499.741902882089
61,"alt_switch","tau",268.929949380215
62,"alt_switch","tau",490.469493115514
63,"alt_switch","tau",408.012642809619
64,"alt_switch","tau",468.267482364037
65,"alt_switch","tau",447.098714218692
66,"alt_switch","tau",330.932921741184
67,"alt_switch","tau",227.202749170535
69,"alt_switch","tau",343.765610027458
70,"alt_switch","tau",254.132242695591
71,"alt_switch","tau",1052.64608710216
72,"alt_switch","tau",141.251431906642
73,"alt_switch","tau",233.442703742403
74,"alt_switch","tau",447.497205018017
75,"alt_switch","tau",1630.09687701871
76,"alt_switch","tau",739.20360142491
77,"alt_switch","tau",562.169671025597
78,"alt_switch","tau",769.359930629851
80,"alt_switch","tau",752.633853507403
81,"alt_switch","tau",484.120487718005
82,"alt_switch","tau",510.246442293782
83,"alt_switch","tau",465.215998022544
84,"alt_switch","tau",364.191699404431
85,"alt_switch","tau",776.537305563806
86,"alt_switch","tau",498.459209384907
87,"alt_switch","tau",432.996125560876
88,"alt_switch","tau",821.439470536931
89,"alt_switch","tau",386.47091767396
90,"alt_switch","tau",347.905501567666
91,"alt_switch","tau",260.699088236225
92,"alt_switch","tau",268.915836500736
93,"alt_switch","tau",345.932008602517
94,"alt_switch","tau",390.614380410104
95,"alt_switch","tau",642.954738537166
97,"alt_switch","tau",331.395690947691
98,"alt_switch","tau",258.704982730381
99,"alt_switch","tau",472.2461651867
100,"alt_switch","tau",358.941383585569
101,"alt_switch","tau",427.179510682073
102,"alt_switch","tau",647.459949986736
1,"rand_ns","mu",636.759306567663
2,"rand_ns","mu",702.711927627316
3,"rand_ns","mu",716.256951928771
4,"rand_ns","mu",1013.4780523325
5,"rand_ns","mu",700.479032985453
6,"rand_ns","mu",823.83182874011
7,"rand_ns","mu",803.146622969955
8,"rand_ns","mu",925.072263257101
9,"rand_ns","mu",653.999742728023
10,"rand_ns","mu",801.988631108794
11,"rand_ns","mu",647.417228316463
12,"rand_ns","mu",717.749101810101
13,"rand_ns","mu",951.359969437446
14,"rand_ns","mu",719.409592676994
16,"rand_ns","mu",2157.4666311903
17,"rand_ns","mu",717.184818402678
19,"rand_ns","mu",695.779926003123
20,"rand_ns","mu",960.408568234148
21,"rand_ns","mu",766.909503281203
22,"rand_ns","mu",897.210374205122
23,"rand_ns","mu",547.999784126378
24,"rand_ns","mu",779.998758756562
25,"rand_ns","mu",895.247844129215
26,"rand_ns","mu",617.842999901997
27,"rand_ns","mu",624.837830777831
28,"rand_ns","mu",781.269643726231
29,"rand_ns","mu",653.012386072541
30,"rand_ns","mu",919.47872836502
31,"rand_ns","mu",776.371226435076
34,"rand_ns","mu",967.982623601332
35,"rand_ns","mu",656.30384956166
37,"rand_ns","mu",782.025874901182
38,"rand_ns","mu",677.094419245522
39,"rand_ns","mu",553.15342908319
40,"rand_ns","mu",805.400232307901
43,"rand_ns","mu",659.417242468794
44,"rand_ns","mu",646.417373296154
45,"rand_ns","mu",579.231285263614
46,"rand_ns","mu",636.333490212711
47,"rand_ns","mu",745.313164605518
50,"rand_ns","mu",577.383614804005
51,"rand_ns","mu",721.446182066569
53,"rand_ns","mu",640.999034109825
54,"rand_ns","mu",748.952036397078
55,"rand_ns","mu",850.115950955044
56,"rand_ns","mu",662.030153261149
57,"rand_ns","mu",608.541315321675
58,"rand_ns","mu",639.145131523851
59,"rand_ns","mu",772.418590443548
60,"rand_ns","mu",653.827772624319
61,"rand_ns","mu",704.794395956399
62,"rand_ns","mu",939.978605372759
63,"rand_ns","mu",572.059224403745
64,"rand_ns","mu",707.664033442269
65,"rand_ns","mu",680.957624380892
66,"rand_ns","mu",660.196705423099
67,"rand_ns","mu",593.337381764769
69,"rand_ns","mu",732.607264198378
70,"rand_ns","mu",590.442961366641
71,"rand_ns","mu",705.992677978665
72,"rand_ns","mu",705.642175017829
73,"rand_ns","mu",906.786403896526
74,"rand_ns","mu",789.669856956722
75,"rand_ns","mu",722.994985323772
76,"rand_ns","mu",1031.5026067424
77,"rand_ns","mu",811.29503885899
78,"rand_ns","mu",749.998880066224
80,"rand_ns","mu",895.641460977737
81,"rand_ns","mu",660.227158221094
82,"rand_ns","mu",779.797349140508
83,"rand_ns","mu",768.004480882788
84,"rand_ns","mu",752.946577045567
85,"rand_ns","mu",732.36802975616
86,"rand_ns","mu",767.755935813525
87,"rand_ns","mu",682.412889997612
88,"rand_ns","mu",629.998067028573
89,"rand_ns","mu",702.095791617723
90,"rand_ns","mu",707.034589249731
91,"rand_ns","mu",723.198917790081
92,"rand_ns","mu",722.098210625937
93,"rand_ns","mu",617.218069384675
94,"rand_ns","mu",793.437206138369
95,"rand_ns","mu",602.685873870611
97,"rand_ns","mu",843.372673189012
98,"rand_ns","mu",678.466521641306
99,"rand_ns","mu",988.691717091466
100,"rand_ns","mu",656.043830027585
101,"rand_ns","mu",768.648690532916
102,"rand_ns","mu",713.806854099812
1,"rand_ns","sigma",111.469090313415
2,"rand_ns","sigma",83.7755577873366
3,"rand_ns","sigma",122.809157923648
4,"rand_ns","sigma",49.7194925255788
5,"rand_ns","sigma",98.7105804019482
6,"rand_ns","sigma",59.5615207247522
7,"rand_ns","sigma",82.4514095090856
8,"rand_ns","sigma",118.429516403604
9,"rand_ns","sigma",0.0000569006383257739
10,"rand_ns","sigma",0.00281608168514901
11,"rand_ns","sigma",50.2806383214218
12,"rand_ns","sigma",79.8265353142061
13,"rand_ns","sigma",116.108199493158
14,"rand_ns","sigma",49.5851278534408
16,"rand_ns","sigma",939.902245807053
17,"rand_ns","sigma",79.1801073401819
19,"rand_ns","sigma",54.9219827417165
20,"rand_ns","sigma",136.773063537363
21,"rand_ns","sigma",70.3739059554427
22,"rand_ns","sigma",97.1096592720322
23,"rand_ns","sigma",0.0000475146477720048
24,"rand_ns","sigma",0.000311914266716375
25,"rand_ns","sigma",69.6112336583281
26,"rand_ns","sigma",72.7478570155972
27,"rand_ns","sigma",50.2925283638649
28,"rand_ns","sigma",179.352134960381
29,"rand_ns","sigma",54.071184150081
30,"rand_ns","sigma",200.497473066821
31,"rand_ns","sigma",73.0431075129055
34,"rand_ns","sigma",220.297526064689
35,"rand_ns","sigma",36.6652209353061
37,"rand_ns","sigma",83.6257490147865
38,"rand_ns","sigma",24.6802484471769
39,"rand_ns","sigma",73.5849732513646
40,"rand_ns","sigma",35.0889352117808
43,"rand_ns","sigma",65.2302755436209
44,"rand_ns","sigma",198.918676933214
45,"rand_ns","sigma",27.0887374444031
46,"rand_ns","sigma",74.8843996935066
47,"rand_ns","sigma",43.4457364002732
50,"rand_ns","sigma",35.1649961426978
51,"rand_ns","sigma",33.7725132924622
53,"rand_ns","sigma",0.000238356423281513
54,"rand_ns","sigma",146.04805133721
55,"rand_ns","sigma",80.3345348481748
56,"rand_ns","sigma",67.3227927441159
57,"rand_ns","sigma",56.4031094259762
58,"rand_ns","sigma",94.8735790167501
59,"rand_ns","sigma",91.6844501713577
60,"rand_ns","sigma",71.5659054302584
61,"rand_ns","sigma",50.7208138217548
62,"rand_ns","sigma",122.741782192504
63,"rand_ns","sigma",30.1941096678125
64,"rand_ns","sigma",48.3400156553585
65,"rand_ns","sigma",77.4547106857741
66,"rand_ns","sigma",72.6251596509707
67,"rand_ns","sigma",65.0036987648506
69,"rand_ns","sigma",42.6274270962307
70,"rand_ns","sigma",66.3104004282238
71,"rand_ns","sigma",0.00198211136114518
72,"rand_ns","sigma",56.6772196370911
73,"rand_ns","sigma",153.210042385151
74,"rand_ns","sigma",62.8778798062396
75,"rand_ns","sigma",0.00126056227475037
76,"rand_ns","sigma",114.990600135194
77,"rand_ns","sigma",106.962657557672
78,"rand_ns","sigma",0.000231591441540499
80,"rand_ns","sigma",113.59487426071
81,"rand_ns","sigma",16.5694505531938
82,"rand_ns","sigma",102.722735021871
83,"rand_ns","sigma",75.9337026326182
84,"rand_ns","sigma",109.438101999697
85,"rand_ns","sigma",78.9906349070573
86,"rand_ns","sigma",81.4892990878988
87,"rand_ns","sigma",43.026335843304
88,"rand_ns","sigma",0.000446743455023592
89,"rand_ns","sigma",102.75331036059
90,"rand_ns","sigma",91.7049845720782
91,"rand_ns","sigma",63.13720423412
92,"rand_ns","sigma",35.5106367797163
93,"rand_ns","sigma",101.713342717452
94,"rand_ns","sigma",101.100428192075
95,"rand_ns","sigma",30.0534337847765
97,"rand_ns","sigma",222.289443828493
98,"rand_ns","sigma",34.084825042111
99,"rand_ns","sigma",66.0302589008279
100,"rand_ns","sigma",29.4305699022225
101,"rand_ns","sigma",68.5010113559423
102,"rand_ns","sigma",72.0866191027466
1,"rand_ns","tau",721.148303235219
2,"rand_ns","tau",243.680114870149
3,"rand_ns","tau",434.227324990335
4,"rand_ns","tau",456.77393783542
5,"rand_ns","tau",497.60574517202
6,"rand_ns","tau",427.285347636732
7,"rand_ns","tau",570.166007446211
8,"rand_ns","tau",638.081784526812
9,"rand_ns","tau",351.041441867296
10,"rand_ns","tau",1539.98057685846
11,"rand_ns","tau",326.002018689425
12,"rand_ns","tau",387.098023789925
13,"rand_ns","tau",452.563519593287
14,"rand_ns","tau",693.137168937436
16,"rand_ns","tau",533.541938025696
17,"rand_ns","tau",575.097064377547
19,"rand_ns","tau",346.641903414954
20,"rand_ns","tau",490.448687138249
21,"rand_ns","tau",288.681997066088
22,"rand_ns","tau",756.263572290004
23,"rand_ns","tau",339.117674683959
24,"rand_ns","tau",898.229419415729
25,"rand_ns","tau",204.491175315353
26,"rand_ns","tau",263.447758090775
27,"rand_ns","tau",781.95460313833
28,"rand_ns","tau",507.222012389069
29,"rand_ns","tau",394.902369085921
30,"rand_ns","tau",1030.22243791663
31,"rand_ns","tau",434.586414651063
34,"rand_ns","tau",427.348868850537
35,"rand_ns","tau",392.561899918157
37,"rand_ns","tau",936.362822540731
38,"rand_ns","tau",430.395444438601
39,"rand_ns","tau",401.406672452259
40,"rand_ns","tau",429.586255191483
43,"rand_ns","tau",307.29774901836
44,"rand_ns","tau",1136.91679036485
45,"rand_ns","tau",304.766588563799
46,"rand_ns","tau",661.022774137587
47,"rand_ns","tau",484.004906467839
50,"rand_ns","tau",383.330823621905
51,"rand_ns","tau",420.911545654648
53,"rand_ns","tau",553.542171513209
54,"rand_ns","tau",411.985414241887
55,"rand_ns","tau",1010.72890347827
56,"rand_ns","tau",616.090380861817
57,"rand_ns","tau",258.769097947649
58,"rand_ns","tau",776.272512122469
59,"rand_ns","tau",616.064153810034
60,"rand_ns","tau",386.788189898514
61,"rand_ns","tau",278.580490451053
62,"rand_ns","tau",334.907483474281
63,"rand_ns","tau",283.381883677513
64,"rand_ns","tau",494.971234092432
65,"rand_ns","tau",340.198197666076
66,"rand_ns","tau",334.139441499942
67,"rand_ns","tau",225.067794007604
69,"rand_ns","tau",318.726772926729
70,"rand_ns","tau",199.801803621375
71,"rand_ns","tau",683.342467779393
72,"rand_ns","tau",321.373464949353
73,"rand_ns","tau",257.528704272784
74,"rand_ns","tau",469.56482235487
75,"rand_ns","tau",1385.58929594096
76,"rand_ns","tau",731.987692572839
77,"rand_ns","tau",458.703334225098
78,"rand_ns","tau",640.569081125289
80,"rand_ns","tau",909.418492937284
81,"rand_ns","tau",456.814998273939
82,"rand_ns","tau",385.94371342739
83,"rand_ns","tau",365.569152943614
84,"rand_ns","tau",469.538614741013
85,"rand_ns","tau",620.6100472318
86,"rand_ns","tau",586.063492677776
87,"rand_ns","tau",521.084522520296
88,"rand_ns","tau",800.256746841402
89,"rand_ns","tau",444.585550366756
90,"rand_ns","tau",356.748931445006
91,"rand_ns","tau",447.240654879896
92,"rand_ns","tau",239.737205279807
93,"rand_ns","tau",388.223024686401
94,"rand_ns","tau",593.772601890533
95,"rand_ns","tau",516.345873771112
97,"rand_ns","tau",332.322793106068
98,"rand_ns","tau",271.154169813108
99,"rand_ns","tau",371.835419964425
100,"rand_ns","tau",302.485956244251
101,"rand_ns","tau",432.437608224987
102,"rand_ns","tau",646.905442177943
1,"rand_switch","mu",768.832819880471
2,"rand_switch","mu",818.704593689112
3,"rand_switch","mu",706.630816584079
4,"rand_switch","mu",1174.98488048607
5,"rand_switch","mu",727.203327849601
6,"rand_switch","mu",1040.24172710426
7,"rand_switch","mu",980.19878389981
8,"rand_switch","mu",1165.3325615653
9,"rand_switch","mu",735.197658382259
10,"rand_switch","mu",1289.62803460582
11,"rand_switch","mu",823.062983617862
12,"rand_switch","mu",825.414051427246
13,"rand_switch","mu",1385.20339876574
14,"rand_switch","mu",752.23950001869
16,"rand_switch","mu",2288.3750334023
17,"rand_switch","mu",1155.87392995975
19,"rand_switch","mu",761.834654679424
20,"rand_switch","mu",1218.96145660149
21,"rand_switch","mu",794.748419241288
22,"rand_switch","mu",1296.23256006359
23,"rand_switch","mu",773.210780874711
24,"rand_switch","mu",1235.40705342576
25,"rand_switch","mu",873.66433721074
26,"rand_switch","mu",941.653735535607
27,"rand_switch","mu",707.554057531617
28,"rand_switch","mu",1560.16496937873
29,"rand_switch","mu",691.953965855651
30,"rand_switch","mu",1249.0604837223
31,"rand_switch","mu",1053.84712846319
34,"rand_switch","mu",972.092226537583
35,"rand_switch","mu",801.032021606171
37,"rand_switch","mu",955.757369810169
38,"rand_switch","mu",855.192575995677
39,"rand_switch","mu",610.999656992344
40,"rand_switch","mu",831.656208812923
43,"rand_switch","mu",812.659112714395
44,"rand_switch","mu",735.078686023225
45,"rand_switch","mu",668.071045059502
46,"rand_switch","mu",793.411624360167
47,"rand_switch","mu",883.591878895867
50,"rand_switch","mu",691.249661936873
51,"rand_switch","mu",891.50686811508
53,"rand_switch","mu",752.999501082822
54,"rand_switch","mu",775.625727339276
55,"rand_switch","mu",1222.94315988988
56,"rand_switch","mu",938.746633576189
57,"rand_switch","mu",630.294891152806
58,"rand_switch","mu",800.381479165683
59,"rand_switch","mu",1029.83621337838
60,"rand_switch","mu",730.493211989306
61,"rand_switch","mu",811.328572220993
62,"rand_switch","mu",908.847642549958
63,"rand_switch","mu",651.43031944683
64,"rand_switch","mu",799.543752915458
65,"rand_switch","mu",897.123347080374
66,"rand_switch","mu",994.440789662594
67,"rand_switch","mu",691.386158604268
69,"rand_switch","mu",758.122975017948
70,"rand_switch","mu",850.013905158706
71,"rand_switch","mu",865.855527423616
72,"rand_switch","mu",860.309469928441
73,"rand_switch","mu",924.878488172945
74,"rand_switch","mu",1013.11395634657
75,"rand_switch","mu",967.871768209177
76,"rand_switch","mu",1177.33527970495
77,"rand_switch","mu",910.113245991721
78,"rand_switch","mu",1222.63641030729
80,"rand_switch","mu",1241.94291247372
81,"rand_switch","mu",876.727488822161
82,"rand_switch","mu",1081.00116836045
83,"rand_switch","mu",917.53891485342
84,"rand_switch","mu",961.996692648768
85,"rand_switch","mu",1040.51572437309
86,"rand_switch","mu",1079.59475383545
87,"rand_switch","mu",747.885888384153
88,"rand_switch","mu",1367.85209167405
89,"rand_switch","mu",872.290102209698
90,"rand_switch","mu",879.90221732507
91,"rand_switch","mu",868.718264711276
92,"rand_switch","mu",894.621551096067
93,"rand_switch","mu",779.565800923039
94,"rand_switch","mu",1014.00580546731
95,"rand_switch","mu",721.761635791102
97,"rand_switch","mu",936.959430012639
98,"rand_switch","mu",924.471917210972
99,"rand_switch","mu",1195.56836582258
100,"rand_switch","mu",888.216195782516
101,"rand_switch","mu",842.020273808838
102,"rand_switch","mu",907.202481451875
1,"rand_switch","sigma",144.993631536218
2,"rand_switch","sigma",124.258448456619
3,"rand_switch","sigma",51.596649329951
4,"rand_switch","sigma",167.389627460186
5,"rand_switch","sigma",115.19318865262
6,"rand_switch","sigma",192.982045034155
7,"rand_switch","sigma",97.6556216025318
8,"rand_switch","sigma",118.887431207093
9,"rand_switch","sigma",32.1296179671461
10,"rand_switch","sigma",369.661299243971
11,"rand_switch","sigma",158.666596109498
12,"rand_switch","sigma",102.434390921102
13,"rand_switch","sigma",395.875980458521
14,"rand_switch","sigma",97.9028004652662
16,"rand_switch","sigma",390.298050252428
17,"rand_switch","sigma",209.248330421793
19,"rand_switch","sigma",113.755152976797
20,"rand_switch","sigma",235.92632367617
21,"rand_switch","sigma",107.597695607064
22,"rand_switch","sigma",222.078043719879
23,"rand_switch","sigma",81.4228537634502
24,"rand_switch","sigma",195.386125914474
25,"rand_switch","sigma",43.2237115134867
26,"rand_switch","sigma",221.898611190148
27,"rand_switch","sigma",100.921445618419
28,"rand_switch","sigma",458.30304097615
29,"rand_switch","sigma",60.8944839665735
30,"rand_switch","sigma",300.768167787711
31,"rand_switch","sigma",210.961443739695
34,"rand_switch","sigma",155.916613716485
35,"rand_switch","sigma",86.4775837416274
37,"rand_switch","sigma",188.768880945708
38,"rand_switch","sigma",47.160558544617
39,"rand_switch","sigma",0.000076129849549684
40,"rand_switch","sigma",87.6436585878199
43,"rand_switch","sigma",123.449320085743
44,"rand_switch","sigma",33.6738464511653
45,"rand_switch","sigma",57.5200996608917
46,"rand_switch","sigma",134.207983630358
47,"rand_switch","sigma",33.0360483454713
50,"rand_switch","sigma",77.5566129845732
51,"rand_switch","sigma",61.099052617541
53,"rand_switch","sigma",0.000108028897101839
54,"rand_switch","sigma",93.4591358533502
55,"rand_switch","sigma",177.08450527111
56,"rand_switch","sigma",229.859730318602
57,"rand_switch","sigma",55.7862927885763
58,"rand_switch","sigma",172.060071634603
59,"rand_switch","sigma",193.547018340367
60,"rand_switch","sigma",153.364515197062
61,"rand_switch","sigma",89.0446630097807
62,"rand_switch","sigma",80.7942036863379
63,"rand_switch","sigma",64.5824181146257
64,"rand_switch","sigma",71.691812012534
65,"rand_switch","sigma",139.458188794157
66,"rand_switch","sigma",235.458819841594
67,"rand_switch","sigma",61.1734862965401
69,"rand_switch","sigma",72.2692283317553
70,"rand_switch","sigma",176.964244604493
71,"rand_switch","sigma",45.5395032606086
72,"rand_switch","sigma",83.7977126448683
73,"rand_switch","sigma",91.1737406297185
74,"rand_switch","sigma",222.522153073176
75,"rand_switch","sigma",91.8553149560289
76,"rand_switch","sigma",122.412155625598
77,"rand_switch","sigma",162.496768019562
78,"rand_switch","sigma",266.284623653862
80,"rand_switch","sigma",237.126314025985
81,"rand_switch","sigma",144.150667256552
82,"rand_switch","sigma",156.091977425505
83,"rand_switch","sigma",97.8667948818353
84,"rand_switch","sigma",0.000865469566993308
85,"rand_switch","sigma",117.37038717661
86,"rand_switch","sigma",138.600949385855
87,"rand_switch","sigma",94.8654125114909
88,"rand_switch","sigma",197.942308525449
89,"rand_switch","sigma",134.803828704756
90,"rand_switch","sigma",131.714688434778
91,"rand_switch","sigma",81.0856673671486
92,"rand_switch","sigma",115.249035725963
93,"rand_switch","sigma",182.196268195747
94,"rand_switch","sigma",172.937273786674
95,"rand_switch","sigma",55.4876036224232
97,"rand_switch","sigma",84.2848540314461
98,"rand_switch","sigma",154.312676217704
99,"rand_switch","sigma",107.853880335683
100,"rand_switch","sigma",118.427277965368
101,"rand_switch","sigma",139.042025828041
102,"rand_switch","sigma",240.85776762315
1,"rand_switch","tau",680.313420001997
2,"rand_switch","tau",249.246303211055
3,"rand_switch","tau",688.022462715534
4,"rand_switch","tau",443.6010453598
5,"rand_switch","tau",584.531482797195
6,"rand_switch","tau",757.130088677362
7,"rand_switch","tau",727.106818185405
8,"rand_switch","tau",532.419101212363
9,"rand_switch","tau",307.902084578996
10,"rand_switch","tau",1521.67236618699
11,"rand_switch","tau",234.427422749351
12,"rand_switch","tau",444.920523649787
13,"rand_switch","tau",254.205300443928
14,"rand_switch","tau",834.359452090918
16,"rand_switch","tau",956.793338403843
17,"rand_switch","tau",740.630268409494
19,"rand_switch","tau",347.46354814406
20,"rand_switch","tau",398.502736040211
21,"rand_switch","tau",341.715740054388
22,"rand_switch","tau",613.53595787084
23,"rand_switch","tau",328.827235690733
24,"rand_switch","tau",638.269371856958
25,"rand_switch","tau",281.779493874508
26,"rand_switch","tau",316.784816225135
27,"rand_switch","tau",678.29724034
28,"rand_switch","tau",61.8928753497344
29,"rand_switch","tau",563.914475330661
30,"rand_switch","tau",808.580158168053
31,"rand_switch","tau",334.490684673598
34,"rand_switch","tau",488.875006299698
35,"rand_switch","tau",418.874032173957
37,"rand_switch","tau",1177.34017662737
38,"rand_switch","tau",463.279959658239
39,"rand_switch","tau",419.580563070834
40,"rand_switch","tau",390.72459139265
43,"rand_switch","tau",291.092289289569
44,"rand_switch","tau",1190.17499591366
45,"rand_switch","tau",202.666623122871
46,"rand_switch","tau",607.522065744855
47,"rand_switch","tau",339.410830556848
50,"rand_switch","tau",267.473661034162
51,"rand_switch","tau",554.991606965145
53,"rand_switch","tau",555.947876391124
54,"rand_switch","tau",464.824994034063
55,"rand_switch","tau",751.224350511158
56,"rand_switch","tau",571.991555884043
57,"rand_switch","tau",283.060413406259
58,"rand_switch","tau",950.534304104712
59,"rand_switch","tau",441.316966651985
60,"rand_switch","tau",460.271569554814
61,"rand_switch","tau",267.132745637841
62,"rand_switch","tau",419.150363869294
63,"rand_switch","tau",340.661636337538
64,"rand_switch","tau",566.186467661697
65,"rand_switch","tau",413.691179532415
66,"rand_switch","tau",269.906101860841
67,"rand_switch","tau",246.877492490252
69,"rand_switch","tau",282.391333173332
70,"rand_switch","tau",235.735726571353
71,"rand_switch","tau",890.155860550459
72,"rand_switch","tau",357.457028070522
73,"rand_switch","tau",309.884131662079
74,"rand_switch","tau",535.304408415694
75,"rand_switch","tau",1273.19086489421
76,"rand_switch","tau",632.645208458135
77,"rand_switch","tau",661.206044491955
78,"rand_switch","tau",566.479075978421
80,"rand_switch","tau",968.899598966012
81,"rand_switch","tau",467.087345278218
82,"rand_switch","tau",615.202475063451
83,"rand_switch","tau",396.015799928322
84,"rand_switch","tau",600.52082125907
85,"rand_switch","tau",591.006861949215
86,"rand_switch","tau",594.085820004647
87,"rand_switch","tau",426.874690168105
88,"rand_switch","tau",611.066254554732
89,"rand_switch","tau",474.699634505786
90,"rand_switch","tau",417.794285241003
91,"rand_switch","tau",366.16323312966
92,"rand_switch","tau",230.388071258208
93,"rand_switch","tau",229.031777169423
94,"rand_switch","tau",436.136713432774
95,"rand_switch","tau",592.332566766651
97,"rand_switch","tau",325.187124666751
98,"rand_switch","tau",224.592409601075
99,"rand_switch","tau",623.345865313801
100,"rand_switch","tau",379.168639665023
101,"rand_switch","tau",379.921176042083
102,"rand_switch","tau",396.995326162957
